"","ideow11","ideow6","binding","authority","ingroup","purity","individualizing","fairness","harm","age","gender","education"
"11",4,NA,4.5,5,3,4,4,4.25,4.75,34,1,4
"19",2,1,4.375,4.75,4.25,4,4.33333333333333,4.25,4.5,48,1,5
"20",7,7,4.5,5,5,5,5,4.5,4.5,30,1,3
"26",4,4,5.875,5.5,5.5,4.5,5.16666666666667,6,5.75,64,0,2
"27",7,6,6,5.75,5.5,5.75,5.66666666666667,6,6,43,0,5
"67",2,3,5.625,4,5.25,5.25,4.83333333333333,5.5,5.75,61,1,2
"78",6,6,3.625,4.5,4.25,3.75,4.16666666666667,4,3.25,46,1,5
"114",7,7,4.875,5.5,5.75,6,5.75,4.25,5.5,44,1,2
"119",6,3,5,5,5.75,5,5.25,5.25,4.75,66,1,2
"123",1,1,5,3,3.75,2.75,3.16666666666667,4.75,5.25,50,NA,2
"144",7,7,4.625,5,5.25,4.25,4.83333333333333,4.75,4.5,52,1,5
"161",6,4,5.5,5.25,4.5,3.5,4.41666666666667,5.5,5.5,42,1,4
"163",2,2,5.875,4,4.5,4,4.16666666666667,6,5.75,51,1,4
"171",6,6,4.5,4.5,5.25,3,4.25,4.25,4.75,34,0,4
"172",2,6,5,3.75,5,4,4.25,4.5,5.5,42,1,3
"174",1,NA,5.875,4.75,6,5.75,5.5,6,5.75,45,0,3
"176",NA,7,6,6,6,6,6,6,6,NA,0,4
"181",4,4,5,4.25,5,3.75,4.33333333333333,5.5,4.5,57,0,3
"220",3,2,4.625,4.25,3.75,3.5,3.83333333333333,5,4.25,45,0,4
"224",6,2,4.875,2.25,5.5,4,3.91666666666667,4.5,5.25,54,1,5
"230",2,3,4.125,4,4.25,3.25,3.83333333333333,4.5,3.75,82,1,3
"256",NA,6,5.25,5.5,5.25,5.5,5.41666666666667,5,5.5,76,NA,4
"258",NA,1,5.875,4.75,5.25,5.25,5.08333333333333,6,5.75,76,1,5
"268",2,4,6,6,6,6,6,6,6,77,0,4
"291",NA,4,4.375,3.75,4.25,4,4,4.5,4.25,60,1,3
"308",6,6,5.25,5,4.5,4,4.5,5.25,5.25,72,1,4
"312",6,6,5.5,5.5,4.75,3.5,4.58333333333333,5.5,5.5,67,1,3
"313",6,5,5,4.25,3.75,4.75,4.25,5,5,57,0,3
"319",2,3,4.125,3,3.75,2.25,3,4.5,3.75,45,0,5
"349",7,7,4.25,5.25,4.25,5.5,5,4.5,4,60,1,4
"360",1,1,5.75,3,3.25,3.5,3.25,6,5.5,60,1,3
"361",3,3,4.875,5,4.75,5.25,5,5,4.75,56,1,2
"402",2,2,5.75,5.25,5,6,5.41666666666667,5.75,5.75,NA,1,3
"405",5,5,4.625,4,4.75,3,3.91666666666667,5.5,3.75,57,0,5
"408",NA,5,2.25,3,2.25,3,2.75,2.25,2.25,32,NA,5
"414",6,7,4.375,4.5,5.25,5.75,5.16666666666667,5.25,3.5,NA,1,3
"445",7,7,4.375,4.5,4.75,4.5,4.58333333333333,4.75,4,55,0,4
"452",4,4,3.5,3,3.25,3.5,3.25,4,3,53,1,3
"456",7,7,4.125,5,4.5,5,4.83333333333333,4,4.25,52,0,3
"468",6,6,4.25,4,4.25,4.5,4.25,4.5,4,60,0,5
"507",6,6,4.75,4.5,5.25,4,4.58333333333333,5.25,4.25,38,0,4
"514",6,6,4,3.25,4,3.75,3.66666666666667,3.75,4.25,38,0,3
"529",1,1,4.625,4.75,4.5,4,4.41666666666667,4.75,4.5,66,1,3
"535",6,6,5.625,4.75,5,4.75,4.83333333333333,5.75,5.5,48,1,3
"545",6,6,4.625,4,4.25,4.25,4.16666666666667,4,5.25,47,0,2
"564",5,4,4.875,5,5.25,5.25,5.16666666666667,5.25,4.5,64,1,3
"567",1,2,4.625,3.5,5,3.75,4.08333333333333,4.5,4.75,76,0,4
"580",5,6,4.625,5,4.5,4.25,4.58333333333333,4.75,4.5,64,0,2
"588",5,4,3.625,2.75,3.25,3.5,3.16666666666667,4,3.25,56,1,3
"594",3,4,4.75,5,5,3.75,4.58333333333333,4.5,5,51,1,4
"611",2,3,5.25,5.5,4.25,4.75,4.83333333333333,5.5,5,81,1,3
"612",6,6,6,5.25,5.75,6,5.66666666666667,6,6,47,0,3
"613",4,4,4.75,5,5,5.25,5.08333333333333,4.25,5.25,65,1,2
"617",2,1,5.25,3.75,4,3.5,3.75,5,5.5,64,0,5
"627",5,5,4.375,4.75,4.5,5,4.75,3.75,5,75,1,3
"647",3,3,5.375,4.75,4.75,4,4.5,5,5.75,54,1,3
"671",5,5,4.125,3.5,4.25,2,3.25,4,4.25,48,0,4
"672",4,4,5.75,5.75,5.25,5.25,5.41666666666667,6,5.5,65,0,2
"714",5,6,3.875,4.5,3.75,2.5,3.58333333333333,3.75,4,40,0,3
"750",6,6,5.5,5.25,5.25,4.75,5.08333333333333,5.25,5.75,67,0,3
"754",4,3,4.125,4,3.5,3.25,3.58333333333333,4.25,4,51,0,4
"765",2,2,5.25,4.75,4.5,3.5,4.25,5.25,5.25,35,1,3
"766",6,6,4.25,4.25,5.25,4.75,4.75,4.5,4,67,0,3
"773",2,2,4.625,4.5,4.75,3.25,4.16666666666667,5,4.25,39,1,4
"774",6,6,4.75,4.75,3.25,4.75,4.25,5.25,4.25,42,1,5
"789",3,1,4.625,4.25,4.25,2,3.5,5.25,4,82,1,3
"808",4,4,3.75,3.25,4,3.25,3.5,3.25,4.25,47,1,3
"816",1,NA,5.875,2.75,2.5,3.25,2.83333333333333,6,5.75,61,0,3
"818",3,2,4,4,3,2,3,4.25,3.75,26,0,4
"828",1,NA,6,4.75,3.75,5.75,4.75,6,6,79,0,5
"831",6,2,4.625,4.25,4.75,3.75,4.25,4.75,4.5,41,1,3
"835",7,7,3.375,4.5,2.75,5.25,4.16666666666667,3.75,3,61,0,4
"836",6,6,4.125,4,5,4.5,4.5,4.75,3.5,45,1,3
"867",5,4,4.25,3.5,4.5,4,4,4,4.5,51,1,4
"878",4,3,4.875,4.25,4.5,4.25,4.33333333333333,4.75,5,41,1,2
"883",3,5,5.5,4.75,5,4.75,4.83333333333333,5.75,5.25,51,1,3
"885",3,3,4.75,2.25,3.5,3.25,3,4.75,4.75,58,1,4
"926",2,2,4.75,4,4.75,4.25,4.33333333333333,4.25,5.25,40,1,3
"927",7,7,5.125,5.25,4.5,5.5,5.08333333333333,5.5,4.75,NA,0,2
"937",6,7,4.75,4.25,4.5,5.25,4.66666666666667,4.75,4.75,69,0,3
"947",6,4,4.5,4.25,4.5,4.5,4.41666666666667,4.75,4.25,37,1,3
"955",3,3,5.125,3.75,4,4,3.91666666666667,5.25,5,85,NA,5
"987",NA,7,4.75,4.5,5,4.75,4.75,4.75,4.75,55,1,4
"997",7,6,4.25,4.75,4,2.75,3.83333333333333,4.5,4,48,0,3
"1002",4,3,5.875,5,5,5.25,5.08333333333333,6,5.75,45,0,3
"1018",6,5,4.125,4.75,4.25,4.5,4.5,3.5,4.75,38,0,4
"1035",6,5,4.625,4,4.75,2,3.58333333333333,4.5,4.75,25,0,4
"1056",2,2,4.875,4.5,4.75,4.75,4.66666666666667,4.75,5,23,1,4
"1057",7,7,4.5,3.25,4.5,3.75,3.83333333333333,5,4,43,1,4
"1066",4,4,4.375,3.5,4.25,3.5,3.75,4.5,4.25,65,1,4
"1079",7,7,2.625,3.5,3.75,3.75,3.66666666666667,2.75,2.5,56,0,2
"1085",4,4,5.25,4.75,4,4.25,4.33333333333333,5,5.5,21,0,2
"1107",6,7,5.125,5,5.25,5.25,5.16666666666667,5,5.25,NA,1,3
"1135",3,4,4.5,3.5,5,3.5,4,4.25,4.75,39,1,2
"1152",1,4,3.875,2.75,4,1.5,2.75,5.25,2.5,26,0,3
"1163",6,6,4.75,4.75,4.75,6,5.16666666666667,5,4.5,59,0,5
"1167",5,3,4.5,3.25,2.25,4,3.16666666666667,5,4,51,0,4
"1181",1,1,5.125,4,3.75,4.75,4.16666666666667,5,5.25,53,1,4
"1187",6,4,5.5,5.25,5.5,5.75,5.5,6,5,57,0,3
"1205",1,1,5.375,2.5,2.75,3.75,3,5,5.75,NA,1,4
"1211",NA,4,5.5,5.75,4.5,3,4.41666666666667,5.75,5.25,22,NA,2
"1227",3,3,5.125,5.5,4.75,4.25,4.83333333333333,4.75,5.5,52,1,4
"1250",7,6,4.625,3.75,4.75,3.75,4.08333333333333,4.5,4.75,54,0,3
"1256",NA,1,3.875,1.75,3.25,1.25,2.08333333333333,3.25,4.5,55,NA,4
"1277",5,5,5.125,5.5,4.5,4.5,4.83333333333333,5,5.25,36,1,3
"1279",2,3,3.375,2.75,2.5,2.5,2.58333333333333,4.25,2.5,62,0,4
"1287",6,6,5.25,3.75,5,4.75,4.5,5.75,4.75,50,0,3
"1301",6,6,5.25,5.25,5.5,4.75,5.16666666666667,5,5.5,67,0,3
"1322",4,4,5.625,4.5,5.5,4,4.66666666666667,5.5,5.75,51,1,3
"1327",7,6,5.5,5,5.5,5.5,5.33333333333333,5.5,5.5,66,0,2
"1347",7,7,4.75,5,3.75,4.75,4.5,4.75,4.75,27,1,1
"1379",5,6,5,4.25,4.75,3.75,4.25,5.5,4.5,NA,1,3
"1383",4,4,5.25,4,3,4.75,3.91666666666667,6,4.5,24,1,4
"1384",7,7,5.125,5,5.5,5.25,5.25,5.25,5,54,1,3
"1393",3,3,4.625,3.25,4.25,3.75,3.75,5,4.25,35,1,5
"1394",6,4,5.625,5.5,5.75,5.75,5.66666666666667,5.75,5.5,64,0,2
"1422",5,5,5,5.25,4.75,4.75,4.91666666666667,5.25,4.75,76,0,2
"1447",7,7,3.875,3.75,4,4.25,4,4.25,3.5,18,0,2
"1458",6,7,3.125,4.5,4,4.75,4.41666666666667,3,3.25,30,0,3
"1461",1,2,5.875,4.5,4.5,4,4.33333333333333,5.75,6,64,0,4
"1474",5,4,5.125,4.75,3.75,4.5,4.33333333333333,5,5.25,73,0,2
"1485",7,7,4.375,4.5,4.25,4.25,4.33333333333333,4.25,4.5,57,0,4
"1497",4,NA,4.625,5,4,4.5,4.5,6,3.25,65,1,2
"1502",3,4,4.125,3.75,2.5,4,3.41666666666667,4.25,4,59,0,5
"1508",NA,7,3.875,5,4,4.25,4.41666666666667,3.75,4,57,NA,3
"1514",3,3,6,3.25,3.25,4.25,3.58333333333333,6,6,50,1,3
"1559",6,7,5.25,5.25,4.75,5.25,5.08333333333333,5.25,5.25,47,0,2
"1637",2,4,5.75,4.75,4.5,4.75,4.66666666666667,5.75,5.75,59,1,2
"1647",5,5,4.625,3.75,4.75,4.5,4.33333333333333,4.75,4.5,52,0,3
"1648",NA,1,6,1.5,3.75,4.5,3.25,6,6,46,0,3
"1673",1,1,3,3.5,2.75,3,3.08333333333333,3,3,65,1,5
"1697",4,4,4.625,4.25,4.25,3.75,4.08333333333333,4.75,4.5,55,0,2
"1705",2,3,4.75,4.5,4,3,3.83333333333333,5,4.5,36,1,3
"1715",1,1,5.625,5,4.75,5.25,5,5.75,5.5,78,1,3
"1719",6,5,4.625,3.75,3.25,3,3.33333333333333,4.75,4.5,58,0,5
"1721",3,3,6,3.75,5,5.5,4.75,6,6,72,1,4
"1723",2,3,5.5,4.75,4.25,5,4.66666666666667,5.75,5.25,80,1,3
"1732",7,6,4.5,4.5,4.75,4.25,4.5,4.5,4.5,43,0,3
"1736",3,3,6,4.25,4.75,5,4.66666666666667,6,6,46,1,3
"1740",6,6,4.25,4.5,4.5,4.5,4.5,4,4.5,61,0,5
"1752",5,6,4.25,2.75,3.5,4,3.41666666666667,5,3.5,42,0,5
"1762",7,6,3.625,3.75,3.25,4.5,3.83333333333333,4,3.25,33,1,5
"1767",6,6,4.625,4.75,4.75,4.5,4.66666666666667,4.25,5,79,0,3
"1776",3,3,6,5.25,5.25,5.5,5.33333333333333,6,6,83,0,5
"1806",4,4,4.5,3.25,4.75,3.25,3.75,4.5,4.5,65,0,5
"1836",2,2,5.625,4,4,4.25,4.08333333333333,6,5.25,80,0,5
"1859",5,1,5.25,4.5,5.25,3.25,4.33333333333333,4.5,6,49,1,3
"1867",7,6,3.875,5.25,5,5.5,5.25,3.75,4,39,1,2
"1877",7,6,5.625,3.5,4,5,4.16666666666667,5.5,5.75,38,1,4
"1903",NA,6,5.75,5.25,5.75,5.5,5.5,5.75,5.75,69,NA,3
"1905",2,2,5.625,4.25,3.5,3,3.58333333333333,5.75,5.5,34,1,5
"1916",6,6,4.125,4.25,4.75,4.75,4.58333333333333,3.75,4.5,42,1,4
"1923",4,4,5.625,3.5,4,4,3.83333333333333,5.25,6,NA,NA,2
"1925",4,3,5.625,3.5,4,4.25,3.91666666666667,5.5,5.75,29,1,3
"1957",6,6,4.125,4,3.25,3.75,3.66666666666667,4.25,4,37,1,4
"1965",4,4,3,3.75,4,4.25,4,3.75,2.25,33,0,4
"1969",7,6,4.25,4.5,4,5.25,4.58333333333333,4.5,4,32,1,3
"1988",NA,4,4.25,4.25,3.75,4,4,4.5,4,27,NA,1
"1991",4,4,3.875,3,2,2.5,2.5,3.75,4,60,0,5
"1995",6,5,5,4.25,4.5,4,4.25,4.5,5.5,49,1,5
"2025",6,4,5.375,5,4.75,5,4.91666666666667,5.5,5.25,59,0,2
"2051",6,4,5.25,5,5,5,5,5.5,5,43,0,3
"2064",1,2,5.75,5,5,4.75,4.91666666666667,6,5.5,33,0,4
"2066",5,6,5,4.75,3.5,3.5,3.91666666666667,4.75,5.25,52,0,4
"2079",1,2,4.875,4.25,3,4.25,3.83333333333333,4.75,5,NA,1,3
"2084",6,6,4.25,4,5,3.75,4.25,4.5,4,41,0,3
"2089",6,5,5,5.25,4.75,5,5,4.75,5.25,31,1,5
"2092",2,2,5.5,4.25,4.25,5,4.5,5.75,5.25,24,1,3
"2116",6,7,5.125,5.75,5,6,5.58333333333333,5.25,5,50,1,4
"2129",5,6,4.75,5,4.5,4.25,4.58333333333333,4.25,5.25,44,1,3
"2173",NA,4,5.25,4.75,4,5.25,4.66666666666667,5,5.5,51,NA,3
"2178",2,4,4.25,4,3.25,4.5,3.91666666666667,4.5,4,52,1,4
"2189",2,2,4.625,4.25,3.75,4.25,4.08333333333333,4.25,5,47,1,4
"2194",6,6,5,5.5,4.75,6,5.41666666666667,5.25,4.75,55,0,3
"2195",1,1,5.625,5.75,6,4.25,5.33333333333333,5.5,5.75,46,1,5
"2210",6,5,4,4.5,5.25,4,4.58333333333333,3.75,4.25,56,0,3
"2211",7,7,5,4.5,5,4.25,4.58333333333333,5,5,40,1,3
"2225",NA,4,5.375,5.25,5.25,4,4.83333333333333,5.75,5,29,NA,2
"2238",1,2,3.5,2.75,2.5,2.75,2.66666666666667,3.75,3.25,52,0,5
"2250",NA,3,5.375,5,5.25,4.25,4.83333333333333,5.75,5,56,NA,4
"2254",7,7,2.125,3,3.5,4.25,3.58333333333333,2,2.25,38,1,5
"2255",3,2,4.125,4,3.75,4,3.91666666666667,4.5,3.75,32,0,4
"2256",3,3,3.625,3.5,2.75,4.5,3.58333333333333,4.5,2.75,39,0,4
"2346",7,6,3.875,3.75,5,4,4.25,3.75,4,72,0,4
"2359",5,5,4.375,4.5,4.5,3.75,4.25,4.5,4.25,61,0,4
"2364",3,4,4.875,5.25,5,5,5.08333333333333,5,4.75,70,1,5
"2388",2,4,5.375,4.5,5.5,5.25,5.08333333333333,5.5,5.25,58,0,4
"2394",NA,3,4.75,3.75,3.25,3,3.33333333333333,4.5,5,49,1,3
"2399",4,4,4.75,3.5,2.5,4.75,3.58333333333333,5.25,4.25,49,NA,3
"2409",2,2,4.875,3.75,4.25,4.5,4.16666666666667,4,5.75,57,1,3
"2415",4,4,5.125,3,2.25,1.75,2.33333333333333,5.5,4.75,37,1,4
"2419",2,3,4.375,4.75,4.25,3.75,4.25,4.25,4.5,43,1,3
"2426",7,6,4.5,4.25,4.25,4.5,4.33333333333333,3.75,5.25,31,1,3
"2433",6,6,4.5,5,5.75,5,5.25,4.25,4.75,49,0,2
"2449",6,6,3,3.25,4.25,1.5,3,3.75,2.25,37,0,4
"2464",4,1,5.25,5.25,4,5.5,4.91666666666667,5.5,5,36,1,4
"2468",5,NA,5,4,5,4.75,4.58333333333333,5.5,4.5,NA,0,5
"2492",7,7,4.25,5,3.5,5,4.5,4.25,4.25,36,1,4
"2515",6,5,4.75,4.25,3.5,4.5,4.08333333333333,4.5,5,38,1,3
"2516",4,NA,4,4,2.75,5,3.91666666666667,4,4,48,1,3
"2536",NA,5,4.25,5.25,3.5,2.75,3.83333333333333,4,4.5,61,NA,2
"2541",6,4,2.75,4,4.5,2.75,3.75,2.25,3.25,44,1,3
"2587",5,5,4.25,5,4.5,5,4.83333333333333,4.5,4,40,1,4
"2596",NA,4,4.125,4.75,4,4.5,4.41666666666667,4,4.25,52,0,5
"2607",7,NA,5.5,4.5,5.75,5.5,5.25,5.5,5.5,NA,0,4
"2610",5,2,5,5,5,3.25,4.41666666666667,5.25,4.75,40,0,4
"2616",7,7,3.375,4,3,4.25,3.75,3.5,3.25,47,0,4
"2620",7,7,4.375,4.75,4.25,5,4.66666666666667,4,4.75,55,0,3
"2624",7,7,5.5,4.5,4.5,5.25,4.75,5.5,5.5,50,1,3
"2641",3,3,5.5,1.5,3,2.75,2.41666666666667,5,6,22,0,3
"2643",3,4,6,5,5.75,5,5.25,6,6,46,1,3
"2645",1,1,4.125,2.25,3.5,3.25,3,3.25,5,NA,1,1
"2650",7,4,5.5,5.5,5.5,5.25,5.41666666666667,5.5,5.5,36,0,3
"2652",6,6,3.875,4.5,3.75,5.75,4.66666666666667,3.75,4,60,NA,5
"2658",5,7,4.875,4.75,5,4.25,4.66666666666667,5,4.75,51,0,3
"2668",6,6,4.625,4.75,4.25,5,4.66666666666667,3.75,5.5,44,NA,5
"2689",6,4,4.875,4.75,4.75,5,4.83333333333333,5,4.75,55,1,3
"2715",5,4,3.75,3,3.75,3,3.25,4,3.5,57,0,3
"2727",2,2,4.375,4,3.75,3,3.58333333333333,4.5,4.25,42,0,5
"2732",4,4,2.875,3,2.25,2.75,2.66666666666667,2.5,3.25,47,1,5
"2767",4,4,5.25,4.75,5,5,4.91666666666667,5,5.5,49,1,3
"2773",7,7,4,5,4.5,4.5,4.66666666666667,3.25,4.75,75,1,3
"2780",7,7,4.875,4.25,5,5.25,4.83333333333333,4.75,5,NA,1,4
"2786",4,5,4.875,5.5,4.75,5,5.08333333333333,5,4.75,65,1,2
"2794",1,1,5,3.5,4.5,3.75,3.91666666666667,4.5,5.5,28,1,4
"2806",4,4,5.25,5,5.25,5,5.08333333333333,4.75,5.75,51,0,3
"2859",6,5,5.5,4.5,4.75,4.75,4.66666666666667,5,6,39,1,3
"2860",2,4,5.5,4.25,5.25,5,4.83333333333333,5.5,5.5,36,1,3
"2887",3,4,4.875,3.75,4,4.5,4.08333333333333,5,4.75,66,0,5
"2891",2,1,5,5,4.5,4.75,4.75,5,5,NA,0,5
"2895",4,4,5.875,5.75,5.25,5.5,5.5,5.75,6,38,1,1
"2901",6,5,4.5,5.25,4.5,3.75,4.5,5,4,36,1,4
"2902",7,6,5.375,5.5,6,5,5.5,5.5,5.25,17,1,1
"2918",NA,7,5,4.5,4,3.5,4,5,5,59,NA,4
"2937",4,2,2.75,3.25,3,2,2.75,2.75,2.75,31,1,4
"2953",5,4,5.375,3.75,4.5,3.75,4,5,5.75,48,0,3
"2954",7,7,5.375,4.5,5.25,5.75,5.16666666666667,5.5,5.25,39,1,5
"2962",6,6,4.125,4.75,4.25,4.5,4.5,4.25,4,57,0,3
"2970",6,5,4.75,3.25,5,5,4.41666666666667,5,4.5,57,0,2
"2996",1,1,5.75,4.25,3.5,3.5,3.75,5.5,6,54,1,5
"2997",6,5,5.5,5,5.5,5.25,5.25,6,5,51,0,3
"3012",NA,2,5.875,5.25,5.25,4.5,5,6,5.75,64,1,2
"3018",2,3,5,5.25,4.5,4,4.58333333333333,5.25,4.75,63,0,5
"3052",NA,7,4.25,4.75,4.25,4.75,4.58333333333333,4,4.5,50,0,4
"3069",4,4,4.375,4.25,4.75,4,4.33333333333333,4.75,4,64,1,1
"3078",6,NA,4.625,5,4.5,5.5,5,4.25,5,NA,1,3
"3081",1,4,3.5,3.5,3.25,2.75,3.16666666666667,3.5,3.5,30,1,3
"3087",4,4,4,3.75,4,4.5,4.08333333333333,5,3,37,0,4
"3100",3,3,5.25,4.75,4,5,4.58333333333333,5.25,5.25,60,1,5
"3105",6,6,5,5.25,5.5,5,5.25,5,5,47,0,5
"3110",4,3,4,3.25,3.5,3.5,3.41666666666667,4.25,3.75,43,1,2
"3129",4,4,4,4,2.75,4,3.58333333333333,3.75,4.25,51,1,3
"3133",5,6,4.75,4,4.5,4,4.16666666666667,4.5,5,17,1,1
"3150",6,6,3.375,3.5,4,3,3.5,4,2.75,39,0,3
"3158",NA,6,5,5.25,5,4.75,5,5,5,77,0,1
"3171",6,6,4.5,4.25,3,4.25,3.83333333333333,5,4,49,1,5
"3175",7,7,4.25,4.25,4,4,4.08333333333333,4.5,4,75,0,3
"3183",4,4,4.5,5,4.5,4.5,4.66666666666667,5,4,37,0,3
"3191",6,6,4.25,4.25,5,4.5,4.58333333333333,4.5,4,67,0,4
"3240",6,6,4.5,4.5,4.25,4.75,4.5,4.25,4.75,30,1,3
"3242",5,4,3.5,3.25,2.75,3.25,3.08333333333333,3.5,3.5,60,1,3
"3288",6,5,4.625,4.25,2.75,5.5,4.16666666666667,5.25,4,NA,1,2
"3299",6,6,2.75,2.5,2.75,1.75,2.33333333333333,2.75,2.75,46,0,2
"3307",5,NA,4.5,3.75,4.75,4.25,4.25,4.25,4.75,55,0,3
"3316",4,4,2.75,3.75,2.25,3,3,3,2.5,53,1,1
"3366",4,3,3.25,2.5,3,1.5,2.33333333333333,3,3.5,63,1,3
"3381",6,6,5.125,4,5.25,5.5,4.91666666666667,5.5,4.75,71,1,2
"3404",4,4,4.125,5.25,2.75,4.75,4.25,4,4.25,64,NA,3
"3413",4,1,4.75,4.75,3.5,4.75,4.33333333333333,4.75,4.75,NA,0,3
"3416",4,3,5.125,4,3.25,6,4.41666666666667,5.25,5,55,1,3
"3422",NA,6,5.5,5,4.75,5,4.91666666666667,5.5,5.5,59,1,3
"3423",2,2,5.875,4.5,4.25,3.75,4.16666666666667,5.75,6,20,1,3
"3431",7,7,5.125,5.5,5.5,4.75,5.25,5.5,4.75,47,0,4
"3434",6,5,4.875,4.75,5,5,4.91666666666667,5.25,4.5,47,1,4
"3448",7,7,5.5,5.75,4.75,5.75,5.41666666666667,5.75,5.25,73,0,5
"3464",2,2,3.375,2.5,3,2,2.5,3.25,3.5,55,0,5
"3466",4,4,4.875,4.75,5.25,5.25,5.08333333333333,5,4.75,83,1,3
"3467",6,6,4.375,4,4.25,4.5,4.25,4.5,4.25,56,1,5
"3471",3,2,4.5,4.25,4,3.5,3.91666666666667,4.25,4.75,54,1,4
"3476",4,4,5.875,5.75,6,5.75,5.83333333333333,5.75,6,53,1,1
"3483",1,2,4.5,4,3.75,3,3.58333333333333,4.75,4.25,39,0,4
"3500",7,4,4.125,3.5,4.25,3.5,3.75,3.5,4.75,68,0,3
"3504",6,6,4.125,4.75,4.75,4.25,4.58333333333333,4.75,3.5,NA,0,5
"3517",5,5,3.625,3,3,1.75,2.58333333333333,3.5,3.75,49,1,3
"3539",3,2,5.625,2.75,4.75,4.5,4,5.5,5.75,52,1,4
"3550",4,4,4.875,3.5,4.5,5,4.33333333333333,4.75,5,49,0,4
"3551",7,7,4.25,4.75,4.25,4.75,4.58333333333333,4.25,4.25,48,1,4
"3555",NA,2,4.75,5.5,5,4.25,4.91666666666667,4.25,5.25,41,NA,4
"3558",4,4,3.125,3.75,4.5,3.25,3.83333333333333,3,3.25,25,1,4
"3561",7,7,1.875,3.5,2,2,2.5,1,2.75,61,0,3
"3602",7,NA,5.25,4.75,5.25,5,5,5.5,5,NA,0,4
"3611",NA,2,4.125,3.25,3.75,4.5,3.83333333333333,4.25,4,41,NA,3
"3617",3,3,4.875,4.75,4.75,4.25,4.58333333333333,5.25,4.5,51,0,5
"3644",7,NA,4.375,4.75,4.5,5.25,4.83333333333333,4.5,4.25,NA,0,4
"3662",6,6,4.875,4.75,5.25,5.25,5.08333333333333,5,4.75,70,1,2
"3672",6,6,5.125,3.5,5,2.75,3.75,5.25,5,51,1,3
"3685",5,5,3,3.25,3.25,2.25,2.91666666666667,2.5,3.5,34,0,3
"3686",7,7,5.25,5,4.75,5,4.91666666666667,5.25,5.25,61,0,2
"3700",1,1,5.25,3,2.25,2.75,2.66666666666667,4.75,5.75,33,0,5
"3710",5,6,5.125,4,5.75,5,4.91666666666667,5.25,5,70,0,4
"3735",1,1,5,5,5,5.25,5.08333333333333,5.25,4.75,42,1,2
"3751",6,6,4.75,4.25,5,4.75,4.66666666666667,4.75,4.75,64,1,2
"3758",3,4,4.875,3.75,4,4.25,4,4.5,5.25,63,1,2
"3786",1,1,4.875,3,3.75,1.5,2.75,5.25,4.5,51,1,5
"3787",1,2,5.375,2.5,5,3.25,3.58333333333333,5.75,5,55,0,3
"3814",3,3,3.125,3.25,3.5,1.75,2.83333333333333,4,2.25,75,0,3
"3817",2,4,4.25,4.25,4.75,4.25,4.41666666666667,4.25,4.25,53,0,3
"3822",5,7,3.75,3.5,2,4.75,3.41666666666667,5.5,2,56,0,3
"3823",NA,1,5.625,3.5,4.25,4,3.91666666666667,5.75,5.5,51,NA,3
"3853",4,4,4.125,2.75,4.25,3.25,3.41666666666667,3.75,4.5,18,0,3
"3855",5,4,5,4.25,3.75,4.75,4.25,4.75,5.25,52,1,3
"3863",6,6,4.375,4.75,4.5,2.75,4,4.25,4.5,35,1,4
"3865",7,NA,4.25,5.25,5.75,5.25,5.41666666666667,4.5,4,71,0,4
"3882",6,5,5.125,5.25,5.75,5.25,5.41666666666667,5.75,4.5,69,0,1
"3889",2,2,3.875,2.5,2,1.75,2.08333333333333,3.75,4,58,1,5
"3912",2,5,5.25,5.25,5.25,5,5.16666666666667,5.5,5,68,1,4
"3930",4,3,4.75,4.75,4.75,5,4.83333333333333,4.75,4.75,73,0,3
"3935",7,NA,4.875,5,4,4.75,4.58333333333333,4.75,5,NA,1,2
"3962",2,2,5,4.5,5,4.5,4.66666666666667,5,5,NA,1,3
"3969",1,3,3.375,4.5,3.5,4.5,4.16666666666667,3,3.75,32,1,3
"3998",4,4,4.125,3.75,4.25,3.75,3.91666666666667,4,4.25,66,0,5
"4000",2,2,5.25,5.25,5.75,4.75,5.25,5.25,5.25,47,0,4
"4001",4,6,3,2.25,3.25,2,2.5,3,3,31,1,2
"4008",2,1,4.75,3.75,3.5,3.5,3.58333333333333,4.5,5,42,1,3
"4020",5,5,4.625,3.5,4,2.25,3.25,5.25,4,34,0,3
"4032",1,2,5.75,2.25,3.75,3.25,3.08333333333333,5.75,5.75,60,1,3
"4040",6,2,3.875,4,5.5,3.75,4.41666666666667,3.75,4,27,1,4
"4045",2,1,5.25,3.75,4.25,3.5,3.83333333333333,5.5,5,77,0,5
"4062",6,6,3.875,4.25,3.5,3.75,3.83333333333333,4,3.75,45,0,5
"4099",5,6,5,4.25,5.5,5.5,5.08333333333333,5.25,4.75,52,1,4
"4121",2,2,4.75,3.75,2.5,3.25,3.16666666666667,5,4.5,50,1,4
"4124",7,6,5.125,5.75,5.75,5.75,5.75,5.5,4.75,42,0,4
"4125",4,4,4.625,3.75,3.75,4.25,3.91666666666667,4.5,4.75,41,0,2
"4127",7,7,4.875,5,5.5,5.25,5.25,5.5,4.25,48,0,4
"4164",7,7,3.25,4.25,5,4.25,4.5,3.5,3,69,0,3
"4166",4,5,3.75,3.5,3.75,3,3.41666666666667,3.5,4,37,1,4
"4199",2,2,4.125,3.25,2.5,5,3.58333333333333,4.75,3.5,69,1,3
"4214",4,NA,5.625,4.75,5.25,5.75,5.25,5.25,6,52,1,2
"4229",6,5,5.375,5.25,4.75,4.75,4.91666666666667,5.25,5.5,65,1,3
"4254",4,4,4.875,5,4.5,5,4.83333333333333,4.75,5,66,1,2
"4260",6,7,5,4.25,4.75,5.25,4.75,4.75,5.25,54,0,4
"4262",4,4,3.875,4.25,3.5,4.25,4,3.75,4,85,1,4
"4293",4,3,3.875,3.5,3.25,4,3.58333333333333,3,4.75,34,1,3
"4333",7,7,5.75,6,5,6,5.66666666666667,5.5,6,56,1,3
"4342",2,3,5.625,4,5.75,3.5,4.41666666666667,5.5,5.75,53,0,4
"4344",NA,6,4.875,4.5,5.5,5.25,5.08333333333333,4.75,5,68,1,2
"4356",2,4,3.875,3.25,3.25,3,3.16666666666667,4.25,3.5,NA,0,3
"4376",6,6,4.625,4.75,4.75,4.5,4.66666666666667,5,4.25,67,1,4
"4381",3,2,4.375,4.5,5,2.5,4,4.75,4,30,1,5
"4398",4,4,4.125,4.25,4.25,3.5,4,5,3.25,58,0,1
"4403",4,4,4.75,4.75,5.25,5,5,4.75,4.75,47,1,3
"4410",4,4,5,5,5,5,5,5,5,46,1,2
"4414",7,7,5.75,5.75,5.5,6,5.75,5.75,5.75,79,0,3
"4416",5,2,4.625,4.5,5.25,4.75,4.83333333333333,5,4.25,27,1,4
"4437",NA,6,5.25,5.5,2.25,5.25,4.33333333333333,5.5,5,41,NA,4
"4453",6,6,4.75,3.75,4,2.75,3.5,4.75,4.75,49,1,3
"4469",1,2,5,4,3.75,2.75,3.5,5,5,39,1,5
"4473",4,3,5.375,5.25,3.75,5.75,4.91666666666667,5.25,5.5,65,1,2
"4489",7,NA,5.625,4.75,4.5,5.5,4.91666666666667,5.75,5.5,62,0,4
"4496",2,1,4.875,3,3.75,2.25,3,4.75,5,36,0,4
"4503",6,6,4.625,3.25,3,3,3.08333333333333,4.25,5,55,1,3
"4513",3,3,5.375,3.5,3.5,3.25,3.41666666666667,5,5.75,56,1,3
"4517",6,NA,4.25,3.75,4.75,5.25,4.58333333333333,4.5,4,38,0,5
"4523",NA,6,4.75,4.25,4.75,4.25,4.41666666666667,4.5,5,20,NA,3
"4529",4,5,4.25,3.5,4.25,3.5,3.75,4.5,4,56,0,5
"4530",6,6,4.25,4.25,4,4,4.08333333333333,4.5,4,58,1,2
"4576",NA,1,4.75,4.5,4.75,3.5,4.25,4.75,4.75,42,NA,4
"4595",4,4,4.125,3.5,6,5.5,5,4.75,3.5,47,1,2
"4606",6,NA,3.25,4.5,4.25,3.5,4.08333333333333,3.25,3.25,NA,0,3
"4627",7,2,4.125,3.25,4.75,3,3.66666666666667,4.5,3.75,17,0,1
"4670",3,3,3.5,3,3.5,4.75,3.75,2.25,4.75,69,1,4
"4677",6,6,3.875,4.25,4.25,2.75,3.75,4.5,3.25,33,1,4
"4689",5,5,5.25,4.5,5.5,4.75,4.91666666666667,5.25,5.25,51,0,4
"4693",1,1,4.25,2.25,2,3.5,2.58333333333333,3.5,5,73,0,5
"4699",2,2,4.625,5.25,4.75,5.25,5.08333333333333,5,4.25,20,0,3
"4760",4,4,4.875,5.25,3.5,5,4.58333333333333,6,3.75,NA,0,3
"4765",2,NA,2.875,4,4.5,4.25,4.25,3,2.75,NA,0,5
"4770",2,1,4.375,2.5,2.5,2.25,2.41666666666667,4.75,4,36,1,5
"4771",4,5,4.375,4.5,4.25,4.5,4.41666666666667,5.25,3.5,61,1,5
"4785",7,7,3.625,5,4.75,5.25,5,3.75,3.5,44,1,3
"4794",5,6,4.5,4.5,4,4,4.16666666666667,4.5,4.5,58,0,2
"4809",3,3,5.125,4.5,5,4.75,4.75,5,5.25,59,1,3
"4818",7,7,4.75,5.25,5,3.75,4.66666666666667,5,4.5,39,0,3
"4836",3,NA,5.75,5.25,4.5,4,4.58333333333333,6,5.5,NA,0,5
"4863",4,4,5.375,4,4,4.5,4.16666666666667,5.25,5.5,59,1,3
"4867",4,4,5.25,5,5.25,5.25,5.16666666666667,5.5,5,75,1,1
"4874",NA,4,3.875,4.5,4,4,4.16666666666667,4,3.75,18,NA,1
"4883",NA,5,4.5,4.5,3.5,3.5,3.83333333333333,4.25,4.75,34,NA,2
"4891",6,6,5.125,4.5,4.5,4,4.33333333333333,4.5,5.75,58,1,3
"4893",2,2,4.875,3.75,4.25,4,4,4.75,5,65,0,5
"4902",6,7,4.625,4,4,3.5,3.83333333333333,4.25,5,73,0,3
"4911",7,7,2.25,3,3.5,4,3.5,2.25,2.25,49,0,4
"4923",2,1,5,3.75,3.75,4.75,4.08333333333333,4.5,5.5,NA,1,4
"4944",NA,4,5,4.25,5,4.5,4.58333333333333,5,5,37,1,3
"4967",6,6,4.25,4.5,5.25,5,4.91666666666667,4.75,3.75,71,0,1
"4968",2,3,5.625,4.5,5.75,5,5.08333333333333,5.75,5.5,NA,0,4
"4973",6,7,5.125,4.5,5,4.5,4.66666666666667,5.5,4.75,43,0,3
"4982",7,5,4.25,3.5,4.25,4,3.91666666666667,4.25,4.25,65,1,3
"4991",3,2,4.625,3,3.75,1.75,2.83333333333333,4.75,4.5,48,1,4
"4998",6,6,3.75,2.5,4,4.25,3.58333333333333,3.75,3.75,18,0,2
"5006",6,6,4.75,4.5,4.5,4.25,4.41666666666667,5,4.5,47,1,3
"5021",4,4,4.625,2.75,4.25,4.75,3.91666666666667,4.25,5,65,0,4
"5041",2,3,5.25,2.25,2.75,2,2.33333333333333,5.75,4.75,58,1,3
"5052",7,6,5.75,4,5,5.5,4.83333333333333,5.75,5.75,63,1,2
"5054",6,6,4.75,4.75,5,5,4.91666666666667,4.5,5,NA,0,2
"5071",5,6,2.75,3.25,3.25,2.25,2.91666666666667,2.75,2.75,21,1,3
"5073",7,7,3.75,4.75,4.25,4,4.33333333333333,3,4.5,31,1,4
"5085",6,6,5.125,4.75,5,5.75,5.16666666666667,4.75,5.5,61,0,5
"5088",3,4,6,5.25,5.5,6,5.58333333333333,6,6,32,1,2
"5089",2,2,5.75,2,3,5.5,3.5,6,5.5,61,0,5
"5106",4,3,4.125,4.25,3.75,4.25,4.08333333333333,4.25,4,37,1,3
"5122",3,5,5.75,6,5,6,5.66666666666667,6,5.5,63,1,1
"5133",3,3,6,5.5,4.25,5.5,5.08333333333333,6,6,65,0,3
"5137",6,6,3.75,3.5,3.5,5,4,4.75,2.75,57,0,4
"5165",6,6,5.125,5.25,5.25,5,5.16666666666667,5.25,5,NA,1,3
"5178",5,5,4.5,2.5,2.25,2.25,2.33333333333333,5.25,3.75,71,0,4
"5196",2,2,4.125,3,3,3.25,3.08333333333333,3.75,4.5,30,1,3
"5203",6,6,4.375,2.75,4,3,3.25,5,3.75,61,0,3
"5207",NA,6,4.875,4.5,4.25,2.75,3.83333333333333,5,4.75,NA,NA,2
"5212",6,6,3.625,4.5,3.5,2.75,3.58333333333333,5,2.25,62,0,3
"5214",4,6,3.75,3.75,3.5,3.75,3.66666666666667,4.25,3.25,56,1,4
"5232",1,1,4.25,4,4.5,3.5,4,4.5,4,31,1,4
"5245",7,6,5.625,5.5,5.75,6,5.75,5.75,5.5,49,1,3
"5248",6,6,3.875,4.25,5,3.25,4.16666666666667,3.75,4,49,0,4
"5260",6,4,3.5,4.75,4,3,3.91666666666667,3.25,3.75,87,1,2
"5272",1,1,5.5,4,4.5,4.5,4.33333333333333,5.5,5.5,49,NA,3
"5276",4,4,5.375,5,5,5,5,5.25,5.5,77,1,3
"5281",4,3,4.75,3.75,3.75,3.75,3.75,5.75,3.75,79,0,5
"5302",6,6,5.125,4.75,4.75,5.75,5.08333333333333,4.5,5.75,54,1,5
"5330",3,4,5.375,5.25,5,5.25,5.16666666666667,5.25,5.5,52,1,3
"5334",6,6,4.625,5.25,4.25,5.25,4.91666666666667,4.5,4.75,47,1,3
"5349",2,5,4.125,4.25,4.5,2.25,3.66666666666667,4.25,4,61,1,5
"5350",4,4,4.625,3.75,4.5,4.25,4.16666666666667,4.5,4.75,37,1,4
"5361",2,1,5,5,4.75,5.25,5,5.25,4.75,58,1,4
"5368",6,6,5,5.5,5.25,4.25,5,5,5,83,0,3
"5398",NA,4,2.875,3,3,2.75,2.91666666666667,2.75,3,26,0,5
"5425",6,3,4.125,3.5,4,4,3.83333333333333,4.75,3.5,47,1,3
"5439",5,4,4.25,4,4,4.75,4.25,4,4.5,47,0,5
"5448",6,6,4.75,4.75,4.5,5,4.75,4.75,4.75,57,0,3
"5461",6,4,4.375,4,5,5,4.66666666666667,4,4.75,28,0,3
"5486",6,NA,5.375,5.25,5.5,4.25,5,5.75,5,48,0,4
"5487",4,NA,4.5,4.75,4.75,3.75,4.41666666666667,5,4,31,1,3
"5521",5,5,6,6,6,6,6,6,6,63,1,3
"5537",6,5,4.875,5.25,5,5,5.08333333333333,5,4.75,59,1,3
"5541",6,NA,5.5,4.5,5.5,4.5,4.83333333333333,5.75,5.25,NA,0,3
"5546",7,7,4.625,5.5,4.5,4.75,4.91666666666667,5,4.25,67,1,4
"5558",5,5,4.875,5,4.25,4.75,4.66666666666667,5,4.75,80,0,3
"5594",5,5,4.875,5,5,3.5,4.5,4.75,5,40,1,4
"5601",4,4,5,4.25,4,3.5,3.91666666666667,5.75,4.25,42,1,2
"5617",7,5,5.375,5,5.5,5,5.16666666666667,5.5,5.25,62,0,4
"5629",3,1,5.125,3.25,3.75,1.5,2.83333333333333,5,5.25,30,1,4
"5640",1,1,5.5,3.75,4.25,4.75,4.25,5.25,5.75,56,1,5
"5667",5,5,3.375,4,4.25,3,3.75,2.75,4,68,0,5
"5671",6,6,4.125,3.75,3,5.25,4,4.25,4,50,1,3
"5690",7,4,2.75,2.75,2,2,2.25,3.25,2.25,52,1,3
"5694",7,7,4.75,4.25,4.5,3.25,4,4.75,4.75,48,0,5
"5695",2,2,3.75,2.5,3.75,3.25,3.16666666666667,4.5,3,37,0,3
"5698",2,3,4.625,3.5,3,3.25,3.25,4.25,5,39,1,5
"5720",7,6,5.375,5.5,4.75,5,5.08333333333333,5.25,5.5,48,1,2
"5729",4,5,4.875,4.75,4.5,5.25,4.83333333333333,5.5,4.25,70,1,3
"5744",6,6,4.625,4,4.75,4.25,4.33333333333333,4,5.25,58,1,5
"5767",3,3,4.625,4.75,4.25,4.5,4.5,4.25,5,64,1,3
"5776",1,1,4.75,2.5,4,3.5,3.33333333333333,4.75,4.75,60,0,4
"5785",3,4,4.875,4.5,4.75,3.75,4.33333333333333,5,4.75,82,1,4
"5786",3,NA,3.75,2.5,2.5,2.25,2.41666666666667,3.5,4,NA,1,2
"5799",NA,6,5,3.5,3.75,4.75,4,5,5,56,0,4
"5818",7,7,2.125,4.5,4.25,5.5,4.75,1.75,2.5,39,0,4
"5836",1,1,4.875,2.25,2.75,4.5,3.16666666666667,5,4.75,74,1,3
"5871",2,4,5.125,4.25,4.5,4.75,4.5,5.25,5,32,0,3
"5878",3,5,5.375,5.5,5.5,4.75,5.25,5.25,5.5,77,1,4
"5890",6,6,4.875,5.25,5,5.25,5.16666666666667,5.25,4.5,70,0,5
"5908",7,7,3.625,4.75,4,3.75,4.16666666666667,3.75,3.5,24,1,3
"5924",4,3,3,3.5,2.75,3,3.08333333333333,3,3,64,1,2
"5926",4,4,4.875,4.75,4.75,4,4.5,4.75,5,34,1,3
"5952",6,6,5.125,4.5,4,5,4.5,5.25,5,54,0,3
"5961",4,4,3.875,4,4.75,3.5,4.08333333333333,3.75,4,65,0,5
"5964",2,2,5.375,5,4.25,5.25,4.83333333333333,5.25,5.5,59,0,3
"5965",2,2,5.25,3.25,4,4.25,3.83333333333333,5,5.5,NA,0,3
"5973",1,NA,4.375,3.25,2.75,3,3,4.75,4,24,1,4
"5983",4,NA,5.125,4.75,5.25,3.75,4.58333333333333,5,5.25,66,0,3
"5989",7,7,3.5,4,3.5,4.25,3.91666666666667,4,3,28,1,4
"5992",2,2,5.125,4.25,3.5,4,3.91666666666667,5.25,5,64,1,5
"5993",2,2,3.625,4.5,3.25,3.5,3.75,3.75,3.5,31,1,3
"5994",2,3,4.75,2.75,3.25,2.75,2.91666666666667,5,4.5,57,0,5
"6007",6,6,5.125,4.25,4.5,5,4.58333333333333,5,5.25,57,1,4
"6023",NA,6,5.375,5.5,5.25,5.75,5.5,5.5,5.25,34,1,3
"6028",6,6,5.375,5,3.75,3.5,4.08333333333333,5.75,5,37,1,4
"6036",4,4,4.75,5,4.25,4.5,4.58333333333333,5,4.5,42,1,4
"6045",2,NA,4.125,5,3.75,4.25,4.33333333333333,5,3.25,NA,1,3
"6051",6,7,4.5,4.25,5.25,4.25,4.58333333333333,5,4,48,0,3
"6053",4,4,4,3.75,4,3.25,3.66666666666667,4.25,3.75,64,0,2
"6056",4,4,5,4.5,5.5,3.75,4.58333333333333,5,5,57,1,3
"6057",6,5,4.625,4.75,4.5,4.5,4.58333333333333,4.75,4.5,48,1,NA
"6079",6,6,4.25,4,4.5,3.5,4,4,4.5,59,1,4
"6088",6,7,3,3.5,2.5,2.75,2.91666666666667,3.25,2.75,52,0,2
"6089",7,6,5.875,6,5.25,6,5.75,5.75,6,NA,1,3
"6094",6,2,5,4.25,5.25,5.25,4.91666666666667,5,5,60,1,3
"6134",7,6,3.125,2.25,3,3.5,2.91666666666667,3,3.25,63,0,1
"6137",4,4,4.125,4.25,4.75,4.75,4.58333333333333,4.25,4,39,0,3
"6168",6,6,5.125,4.25,5.5,4.25,4.66666666666667,5.25,5,58,1,5
"6173",3,3,4.25,4.25,4.25,4,4.16666666666667,5.25,3.25,69,1,2
"6174",3,1,5.625,3.5,2.5,5,3.66666666666667,5.75,5.5,NA,1,3
"6198",3,2,5.5,2.5,4.5,5,4,5.75,5.25,71,1,3
"6207",7,7,4.625,4.25,5,5.5,4.91666666666667,5,4.25,46,1,3
"6208",6,6,4.75,4.5,4.75,4.5,4.58333333333333,4.5,5,81,0,3
"6213",6,6,4.25,4.5,5.25,4.5,4.75,5,3.5,49,1,3
"6241",6,6,3.5,5,4.75,4.25,4.66666666666667,3.5,3.5,59,0,4
"6246",3,3,4.375,3.5,4.25,4.25,4,4.5,4.25,26,0,5
"6250",6,NA,4.25,4,4.25,4,4.08333333333333,4.25,4.25,27,0,4
"6253",2,3,4.75,5,3.75,3,3.91666666666667,4.75,4.75,47,1,4
"6259",4,4,5.25,4,5,4.5,4.5,5,5.5,35,1,2
"6264",4,4,2.875,2,2.75,3,2.58333333333333,2.75,3,47,0,2
"6271",2,3,5.125,4,3.5,2.5,3.33333333333333,5,5.25,33,1,3
"6278",6,4,5.375,5,5,5.5,5.16666666666667,5.5,5.25,45,0,2
"6311",6,6,4.625,5.25,4.75,5.5,5.16666666666667,4.5,4.75,69,1,3
"6318",7,7,3.375,3.75,3.75,4.25,3.91666666666667,3.5,3.25,55,1,4
"6320",2,1,3.625,3,1.5,3,2.5,4.25,3,68,0,4
"6330",6,6,5.375,4.75,5,5.25,5,5.25,5.5,49,NA,3
"6336",5,5,4.25,4.25,2.75,3.75,3.58333333333333,4.25,4.25,26,1,4
"6348",NA,6,4.625,4.25,4,4,4.08333333333333,4.5,4.75,43,NA,4
"6368",6,4,4.625,3.75,3,4,3.58333333333333,5,4.25,38,1,2
"6380",2,3,4.75,3.75,4.25,3.5,3.83333333333333,4.75,4.75,71,0,5
"6385",5,5,5.625,5.5,5.5,5.25,5.41666666666667,5.75,5.5,NA,1,3
"6417",4,4,5,3.25,4.25,4,3.83333333333333,5,5,24,1,1
"6420",5,6,4.375,5,4.25,5,4.75,4,4.75,58,1,3
"6423",7,7,2.625,3.5,3.5,3.25,3.41666666666667,2.25,3,NA,1,3
"6435",6,NA,5.125,4.5,6,5.75,5.41666666666667,5,5.25,NA,1,3
"6485",6,6,3.75,4.5,4.5,3.75,4.25,3.75,3.75,49,1,2
"6487",7,7,2.75,4,3.25,2.75,3.33333333333333,4,1.5,48,0,4
"6494",3,2,4.5,5,3.5,4.25,4.25,4.5,4.5,37,1,5
"6496",7,7,4.625,4.25,4.5,4.5,4.41666666666667,4.75,4.5,47,1,2
"6498",7,7,4.375,3.75,4.25,4.5,4.16666666666667,4.5,4.25,44,0,3
"6514",5,6,5.25,5.5,5,5.5,5.33333333333333,5.25,5.25,40,1,4
"6515",6,6,5.125,5,4.75,5.25,5,5.5,4.75,66,0,5
"6519",4,4,4.875,4.25,4.75,3.5,4.16666666666667,5.25,4.5,56,0,2
"6574",6,7,4.25,5,4.5,4,4.5,4,4.5,64,0,5
"6576",7,6,4.875,5,4.25,5,4.75,4.75,5,47,1,2
"6591",7,7,3.875,5.25,4.25,3.5,4.33333333333333,4.5,3.25,49,0,4
"6605",4,4,5,4,5.25,5,4.75,4.75,5.25,46,0,2
"6612",4,5,4.375,3.75,4,3.25,3.66666666666667,4.5,4.25,65,0,3
"6614",4,4,4.5,3.75,4.25,4,4,5.25,3.75,50,0,2
"6620",NA,7,5.25,5.5,5,4.75,5.08333333333333,5.5,5,59,1,5
"6626",4,4,3.375,3.5,1.75,1,2.08333333333333,3.25,3.5,37,0,4
"6640",4,4,2.875,3.25,2.75,3,3,3,2.75,35,1,2
"6645",1,1,5.25,4.75,3.5,4.5,4.25,6,4.5,44,1,4
"6660",6,6,5.625,5.75,6,4.75,5.5,6,5.25,70,0,5
"6671",6,4,4.75,5,4.75,4.25,4.66666666666667,4.75,4.75,45,1,5
"6676",1,1,5.125,4.75,3.25,4.5,4.16666666666667,5.5,4.75,64,1,3
"6687",6,3,4,4.25,3.75,3.25,3.75,4,4,38,0,4
"6693",2,2,4.75,4.5,3.75,3.75,4,5,4.5,74,0,4
"6704",7,7,4.875,3.5,4.75,4.25,4.16666666666667,5.25,4.5,61,1,4
"6709",6,NA,6,6,6,6,6,6,6,NA,1,2
"6738",NA,7,6,5.25,5.75,6,5.66666666666667,6,6,59,0,2
"6750",2,3,5.75,4.75,5.25,5.25,5.08333333333333,5.75,5.75,70,1,5
"6762",5,5,4.75,5.5,5,5,5.16666666666667,5.25,4.25,50,1,4
"6769",6,4,5.25,5.25,5,5,5.08333333333333,5.5,5,79,0,5
"6775",3,3,4.125,4,4,4.25,4.08333333333333,4,4.25,51,0,3
"6779",4,4,5.25,5.25,5.25,5.5,5.33333333333333,5.25,5.25,58,NA,3
"6780",6,6,3.875,4,3.5,4.25,3.91666666666667,4.25,3.5,54,0,4
"6791",3,4,4.625,4.25,3.25,3.5,3.66666666666667,4,5.25,40,0,5
"6800",6,5,4.625,3.25,4.75,4.5,4.16666666666667,4.5,4.75,59,0,3
"6812",NA,7,5.375,5.75,6,5.75,5.83333333333333,5.75,5,58,NA,3
"6818",3,2,4.375,3.5,3.75,2.5,3.25,4.5,4.25,54,0,5
"6828",6,5,5.375,6,5.5,5.25,5.58333333333333,5.5,5.25,70,0,3
"6855",NA,6,4.75,5,5,4.75,4.91666666666667,4.5,5,57,0,3
"6859",7,7,4.25,4.5,4.5,4.5,4.5,4.5,4,NA,1,3
"6860",2,1,5,5.75,5.5,5.5,5.58333333333333,6,4,56,1,2
"6888",6,5,5.5,5.25,5.5,5.5,5.41666666666667,5.5,5.5,48,1,2
"6901",5,6,4.125,4.75,4.25,3.75,4.25,3.75,4.5,NA,0,5
"6907",2,2,4.875,3.25,3.25,3.75,3.41666666666667,5,4.75,68,0,5
"6909",6,6,4.25,4.75,5.25,5.75,5.25,4.25,4.25,30,0,4
"6911",3,2,4.875,3.75,5.5,5,4.75,5.25,4.5,46,1,3
"6932",3,3,4.5,3.75,4.5,2.75,3.66666666666667,4,5,37,1,3
"6936",6,5,5.25,4.5,3.5,5.25,4.41666666666667,5.25,5.25,60,1,5
"6937",3,3,4.625,4,3,4.75,3.91666666666667,5.25,4,NA,1,2
"6952",3,3,4.875,4.5,4.25,3.25,4,5.25,4.5,62,1,4
"6962",3,3,4.625,5,3,5,4.33333333333333,5.25,4,50,0,2
"7035",5,4,4.5,5,5,4.75,4.91666666666667,4.75,4.25,53,1,3
"7084",3,3,4.25,4.25,4.5,5,4.58333333333333,4.25,4.25,59,NA,3
"7100",7,6,4.875,5.25,5.5,4.75,5.16666666666667,4.75,5,80,1,5
"7119",6,6,4.625,4.25,4.5,3.75,4.16666666666667,4,5.25,37,1,3
"7131",2,2,4,3.25,3.25,3,3.16666666666667,4,4,31,0,5
"7174",1,2,5.5,5.25,5,5.5,5.25,5.5,5.5,37,1,3
"7179",3,3,4.75,3.75,3.75,4.75,4.08333333333333,4.75,4.75,51,0,5
"7182",2,3,4.875,3.5,3.75,3,3.41666666666667,4.5,5.25,46,1,4
"7183",5,2,5.25,4.25,4.25,5.25,4.58333333333333,4.75,5.75,55,1,3
"7184",3,3,4.875,4.25,4.75,4,4.33333333333333,5,4.75,28,1,4
"7189",3,5,4.75,4.25,3.75,4,4,4.25,5.25,58,0,4
"7192",1,1,4.75,4.5,3.5,3,3.66666666666667,4.75,4.75,47,0,5
"7200",1,NA,4.375,3.5,3.75,4,3.75,4.5,4.25,47,0,4
"7201",1,2,4,4.5,4.25,4.75,4.5,5,3,48,1,2
"7207",NA,3,5.5,2.75,3,4,3.25,5,6,NA,1,3
"7215",2,2,4.875,4.75,5.75,5,5.16666666666667,5.25,4.5,71,0,2
"7237",NA,7,4.75,5.5,5,4.75,5.08333333333333,4.75,4.75,40,1,3
"7256",7,6,4.375,5.25,5,5,5.08333333333333,4.75,4,64,0,3
"7261",5,5,5.5,5.25,5.25,5.5,5.33333333333333,6,5,53,0,3
"7268",2,3,5,4.75,4.75,5,4.83333333333333,5,5,59,0,5
"7304",4,3,3.75,4.75,4,4,4.25,4,3.5,42,1,2
"7306",3,3,3.375,2.75,3,3.25,3,3.75,3,48,1,5
"7307",6,6,5.25,5,5.25,5.25,5.16666666666667,5.25,5.25,44,1,3
"7313",5,6,5.25,5.25,6,6,5.75,5.75,4.75,64,1,3
"7324",3,2,4.5,4.25,4.5,4.25,4.33333333333333,4.75,4.25,38,1,2
"7327",7,4,5.125,3.75,4.25,4.5,4.16666666666667,5,5.25,60,1,2
"7328",3,3,4.125,3.75,3,3.25,3.33333333333333,4.5,3.75,62,1,3
"7334",5,4,5,5.25,5,5,5.08333333333333,5,5,58,0,5
"7367",6,6,4.875,5,5,4.5,4.83333333333333,4.75,5,NA,0,1
"7373",7,NA,2.25,3.5,2.5,3.5,3.16666666666667,2,2.5,NA,0,3
"7386",6,7,4.625,5,5.25,5,5.08333333333333,4,5.25,87,0,4
"7391",1,1,6,5.75,6,5.25,5.66666666666667,6,6,77,1,4
"7397",4,4,4.75,4.5,3.5,5.75,4.58333333333333,4.75,4.75,56,1,4
"7423",6,6,4.75,4,4.5,4,4.16666666666667,4.75,4.75,43,0,4
"7426",1,2,5,4,3.5,2.75,3.41666666666667,4.75,5.25,39,1,4
"7438",NA,6,3.5,3.5,3.5,2.5,3.16666666666667,3.5,3.5,43,NA,2
"7441",NA,1,6,4.25,6,6,5.41666666666667,6,6,45,1,2
"7453",3,3,4.125,3.75,3.5,2.5,3.25,4,4.25,58,0,3
"7457",5,6,5.25,3.75,4,4.5,4.08333333333333,5.25,5.25,43,1,4
"7465",7,7,4.875,5,5,5,5,5,4.75,85,0,3
"7483",6,5,4.375,3.25,4,3.75,3.66666666666667,4.25,4.5,71,0,5
"7508",7,7,3.5,3.75,4.5,2.75,3.66666666666667,3.25,3.75,72,0,4
"7510",4,4,4.5,4.5,4.25,3.75,4.16666666666667,4.75,4.25,57,1,3
"7520",4,4,4.75,3.25,3.5,3.75,3.5,4.5,5,46,1,3
"7526",7,6,4.75,4.5,4.75,4.25,4.5,4.5,5,52,1,3
"7536",1,1,3.75,2.75,2.25,1.25,2.08333333333333,4,3.5,52,0,5
"7543",3,3,6,5,5.5,5.75,5.41666666666667,6,6,57,1,2
"7553",3,2,5.875,4,5,4.75,4.58333333333333,5.75,6,55,1,4
"7567",5,5,4.5,3.75,4.5,4.75,4.33333333333333,5,4,70,1,3
"7603",2,5,4.75,4.5,4.5,3.75,4.25,4.75,4.75,53,1,3
"7615",4,4,3.625,3.25,4.75,4,4,3.25,4,47,1,3
"7619",6,6,5,4.25,3.5,4.75,4.16666666666667,4.25,5.75,62,0,2
"7636",4,4,4.625,4.75,5.25,3.5,4.5,4.75,4.5,48,0,3
"7644",1,1,4.125,2,3.25,4.25,3.16666666666667,4.5,3.75,NA,1,5
"7646",4,5,5.5,5.25,5.25,4.25,4.91666666666667,5.5,5.5,65,1,2
"7648",5,NA,4.75,4,3,5.5,4.16666666666667,4.25,5.25,NA,1,3
"7652",7,7,4.875,3.5,5.25,5.5,4.75,5.25,4.5,78,0,4
"7662",4,5,4.375,5,5.25,4.5,4.91666666666667,5.25,3.5,66,0,3
"7664",NA,4,4.25,3.75,3.25,3.5,3.5,5,3.5,54,NA,2
"7675",7,6,2.75,3.5,2.25,4,3.25,4.25,1.25,63,0,5
"7676",7,7,5,4.5,5.75,5.25,5.16666666666667,4.25,5.75,44,1,4
"7726",4,4,3.875,3.25,3,4.5,3.58333333333333,3.25,4.5,53,0,5
"7745",4,4,4.75,4.5,2.5,5,4,4.25,5.25,61,1,4
"7756",6,6,5.5,5.5,4.25,5.5,5.08333333333333,5.5,5.5,48,1,3
"7771",6,5,4.75,4.5,5,4.25,4.58333333333333,5,4.5,56,1,3
"7777",4,5,5,5,3,6,4.66666666666667,5.5,4.5,46,1,4
"7778",7,7,4.375,5,5.5,4.25,4.91666666666667,4.25,4.5,16,1,1
"7799",6,2,5.25,5,4.25,5.5,4.91666666666667,5,5.5,30,1,5
"7808",4,6,5,4.5,2.5,6,4.33333333333333,4.75,5.25,62,1,2
"7812",6,6,5.25,5.5,5,5.5,5.33333333333333,5,5.5,64,1,3
"7831",6,6,5,4.5,5.5,4.75,4.91666666666667,4.75,5.25,66,0,3
"7835",2,NA,4.875,5,4,5.25,4.75,4.25,5.5,NA,1,3
"7838",2,3,4.875,3.25,4.5,2.25,3.33333333333333,5.5,4.25,56,0,4
"7867",5,5,5.5,4.5,5.5,4.25,4.75,5.25,5.75,49,0,4
"7875",3,2,4.5,4,4.25,4.75,4.33333333333333,4.5,4.5,61,1,4
"7884",7,7,5.375,5.5,5.5,5,5.33333333333333,5.25,5.5,NA,1,2
"7885",NA,3,5.375,5.5,5,5.25,5.25,5.5,5.25,78,NA,5
"7888",4,7,4.625,4.5,4.5,4.5,4.5,4.75,4.5,51,1,4
"7894",6,6,3.125,4.5,4,3.75,4.08333333333333,3,3.25,53,0,3
"7909",NA,7,5.375,4.75,5,5.5,5.08333333333333,5.75,5,77,NA,4
"7950",NA,5,4.75,4.5,5,4.5,4.66666666666667,5,4.5,78,NA,3
"7952",7,7,6,3.25,5,4.5,4.25,6,6,NA,1,5
"7970",6,5,3.125,3.25,2.75,3.25,3.08333333333333,3,3.25,54,1,3
"7991",6,3,4.875,4.75,4.75,3.5,4.33333333333333,4.75,5,36,1,5
"8017",7,6,4.5,5,4.5,5.25,4.91666666666667,4.5,4.5,80,1,3
"8023",2,2,4.125,5,4.25,4,4.41666666666667,4,4.25,55,0,4
"8064",6,5,5.625,5.25,5.5,6,5.58333333333333,5.25,6,60,0,3
"8081",6,6,5.625,4.75,4.5,5.25,4.83333333333333,5.75,5.5,NA,0,5
"8083",6,5,3.75,3.25,4.5,5,4.25,3.75,3.75,47,0,4
"8096",4,2,4,3.75,4.25,3.75,3.91666666666667,4.5,3.5,23,0,3
"8099",2,1,5.375,2.75,2,2.5,2.41666666666667,5,5.75,28,0,4
"8103",4,4,5.625,4,4.75,4.25,4.33333333333333,5.5,5.75,41,1,4
"8111",3,3,4.875,5.25,5,5,5.08333333333333,4.75,5,81,0,2
"8132",4,4,5.25,4.75,5.25,2.75,4.25,5.25,5.25,48,1,2
"8142",2,1,4.125,4.25,3.5,4.5,4.08333333333333,4.25,4,67,1,5
"8158",3,2,4.75,5,5,4,4.66666666666667,4.75,4.75,60,0,4
"8163",3,2,5.625,4.25,3.75,4.25,4.08333333333333,5.75,5.5,NA,1,4
"8170",2,5,4.875,5.25,5.5,4.5,5.08333333333333,4.75,5,45,0,3
"8176",4,4,5.625,4.5,5.5,5,5,5.25,6,43,1,1
"8177",3,3,5.5,4.5,4.25,4.75,4.5,5.25,5.75,60,1,4
"8222",2,2,5.125,4,3,4.75,3.91666666666667,6,4.25,80,1,5
"8231",3,3,4.75,4.5,4.25,4.75,4.5,4.75,4.75,66,0,5
"8237",5,3,5.125,4.75,4.25,5.5,4.83333333333333,5.25,5,33,1,3
"8246",6,6,3.125,3,2.75,2,2.58333333333333,2.5,3.75,40,NA,5
"8258",6,6,5.875,5.25,5.25,5.75,5.41666666666667,5.75,6,45,1,3
"8268",6,6,5.25,5,5.75,5,5.25,5.5,5,67,0,5
"8271",5,5,4.125,3.25,3.75,3.25,3.41666666666667,4.25,4,NA,1,5
"8285",6,6,4.375,3.75,4.25,4,4,4.75,4,62,0,3
"8286",2,2,4.875,3,3,2.5,2.83333333333333,4.5,5.25,46,1,4
"8292",3,2,3.875,4.25,5,3.25,4.16666666666667,4.5,3.25,41,0,4
"8321",5,6,4.125,4.5,4.5,3.75,4.25,3.25,5,40,0,3
"8347",6,5,4.125,3.25,3.25,2.25,2.91666666666667,3.75,4.5,39,0,4
"8383",7,7,4.875,5.5,4.75,5,5.08333333333333,4.5,5.25,34,1,4
"8402",7,6,4.625,4.25,4.75,4.75,4.58333333333333,4.25,5,50,1,3
"8427",1,1,4.875,3.75,4.75,2.5,3.66666666666667,4.5,5.25,NA,1,3
"8443",5,5,3.125,4,4,4.75,4.25,3.5,2.75,33,1,3
"8445",2,6,5,4.25,5.5,4,4.58333333333333,5,5,55,0,3
"8456",4,NA,3.875,4.5,2.75,4.25,3.83333333333333,4.75,3,55,1,4
"8466",4,4,1.75,2.25,2.75,3,2.66666666666667,1.75,1.75,NA,0,2
"8480",2,2,5,2.25,3,4,3.08333333333333,5,5,NA,NA,3
"8482",2,2,2.125,2.25,2.25,2,2.16666666666667,2.25,2,46,1,4
"8483",4,4,4.25,3.75,4,3.75,3.83333333333333,4,4.5,50,1,1
"8499",2,2,5,4.25,4.75,3.75,4.25,5.25,4.75,33,1,3
"8539",7,5,5.625,4.75,3.5,4.25,4.16666666666667,6,5.25,66,1,3
"8540",6,4,4.875,5.25,4.75,5.25,5.08333333333333,5,4.75,56,0,3
"8557",7,7,5,5.5,5.25,5.75,5.5,5.5,4.5,49,1,5
"8558",5,4,4.75,4.25,5.25,4.75,4.75,5,4.5,55,0,4
"8559",5,5,3.25,3,4,3.25,3.41666666666667,3.5,3,36,1,4
"8573",6,5,5,5,5,4.25,4.75,5.25,4.75,29,1,2
"8574",6,6,4.875,5.25,5,3.75,4.66666666666667,5.25,4.5,77,0,5
"8576",6,3,3.625,3.75,3.25,3.75,3.58333333333333,4.25,3,50,0,5
"8605",2,6,3.875,3.75,4.25,4,4,5,2.75,50,1,NA
"8610",1,1,5.75,4.5,4,4.5,4.33333333333333,5.75,5.75,67,1,5
"8612",1,1,5.625,5.75,5.5,4.25,5.16666666666667,5.5,5.75,58,NA,3
"8615",2,1,5.125,4.5,3.25,3.5,3.75,5.25,5,48,1,3
"8619",2,2,5.125,4.25,4.5,4.75,4.5,5,5.25,53,0,4
"8637",NA,4,4,4,4.5,5.75,4.75,3.75,4.25,53,NA,5
"8663",6,5,4.625,4.75,4,4.75,4.5,4.5,4.75,NA,1,4
"8677",6,5,4.75,4.25,3.75,3.5,3.83333333333333,5.25,4.25,65,0,4
"8700",1,NA,5.25,4.75,5,4.75,4.83333333333333,5.25,5.25,NA,0,5
"8703",5,5,4.875,5.25,4,5.5,4.91666666666667,5.25,4.5,85,1,3
"8717",2,2,4.75,4.75,4.75,4.5,4.66666666666667,5,4.5,NA,0,3
"8724",1,1,3.625,3.5,3.25,2.25,3,3.5,3.75,28,1,4
"8725",6,5,6,6,5.75,6,5.91666666666667,6,6,NA,0,2
"8734",5,5,4.375,3.5,4,4.5,4,4.25,4.5,60,0,5
"8743",2,2,4.625,3,1.75,4.5,3.08333333333333,4.5,4.75,33,1,4
"8751",4,4,4.25,2.75,2.5,2,2.41666666666667,3.75,4.75,27,1,3
"8764",2,2,3.25,3,4,3.5,3.5,2.75,3.75,51,1,3
"8765",6,7,3.75,5.25,5,2.25,4.16666666666667,4.5,3,NA,0,4
"8783",5,3,4.875,5,3,4.5,4.16666666666667,4.5,5.25,68,1,2
"8786",1,1,5.25,3,4.25,2.75,3.33333333333333,5.25,5.25,24,1,4
"8801",2,3,5.375,5,5.25,4.75,5,5.5,5.25,59,0,2
"8835",4,5,2.875,3.75,3,3.5,3.41666666666667,2.75,3,53,1,3
"8866",6,5,5.125,4.25,5,3.75,4.33333333333333,4.75,5.5,61,0,3
"8880",NA,2,3.875,2,5.25,5,4.08333333333333,4.5,3.25,47,NA,5
"8888",4,4,5.125,4.5,4.75,4.25,4.5,4.75,5.5,52,0,3
"8890",4,4,5.125,5.25,5.25,4.5,5,5,5.25,NA,1,2
"8907",6,6,4.625,4.5,3.75,4.25,4.16666666666667,5.25,4,40,1,4
"8919",6,4,3.125,3.5,2.25,2.25,2.66666666666667,3.5,2.75,60,0,2
"8927",6,4,5.25,4,3.75,4,3.91666666666667,5.25,5.25,55,1,3
"8928",6,6,5.5,5.25,5.5,6,5.58333333333333,5.25,5.75,52,1,3
"8937",6,5,4.375,4.75,4.5,4.5,4.58333333333333,4.5,4.25,69,0,3
"8947",4,4,4.875,4.25,5,4.75,4.66666666666667,5.25,4.5,54,0,3
"8953",6,5,5.375,5,5.5,5,5.16666666666667,5.5,5.25,63,1,2
"8987",6,6,5.125,4.25,4.75,3.5,4.16666666666667,5,5.25,23,1,4
"9012",3,3,3.75,4.25,3.25,3.75,3.75,3.5,4,48,1,3
"9021",2,1,4.625,3,2.5,2.25,2.58333333333333,4.5,4.75,39,1,5
"9058",1,2,4.875,3,3.5,2.5,3,4.5,5.25,32,1,4
"9066",2,3,5.375,2.5,3,3.75,3.08333333333333,5.25,5.5,66,1,5
"9067",2,3,5.5,4.75,4.75,4.75,4.75,5.5,5.5,47,1,3
"9079",2,2,4.625,4,4.25,4,4.08333333333333,4.75,4.5,58,1,2
"9087",7,4,4.125,4.5,3.5,4.25,4.08333333333333,4.25,4,49,0,5
"9105",4,4,4.625,5,4.5,4,4.5,5,4.25,58,0,3
"9108",2,3,4.375,3.5,2.25,3.25,3,5,3.75,49,1,5
"9109",2,4,4.875,4,3.75,4,3.91666666666667,5.25,4.5,51,0,5
"9131",6,6,5.25,4.5,5.75,4.75,5,5.5,5,64,1,3
"9151",1,2,5.375,3.75,3,1.75,2.83333333333333,5.25,5.5,49,0,4
"9173",3,3,5,4.5,4,4.75,4.41666666666667,4.75,5.25,60,0,4
"9183",7,7,5,5,5.25,4.25,4.83333333333333,4.75,5.25,37,1,3
"9185",2,2,4.75,4.5,3.75,3.25,3.83333333333333,5,4.5,59,0,5
"9186",2,4,5.375,5.25,5,5.25,5.16666666666667,5.25,5.5,56,0,4
"9191",2,2,5,4,4.25,4.25,4.16666666666667,5.25,4.75,41,1,5
"9195",7,7,4.625,5.25,5,5,5.08333333333333,5,4.25,58,1,3
"9217",4,3,5,4.25,4,5.5,4.58333333333333,4.75,5.25,55,1,2
"9231",6,2,5,4.75,5,5,4.91666666666667,4.75,5.25,30,0,3
"9249",1,1,4.25,2.75,2.75,1.25,2.25,4,4.5,46,0,4
"9254",1,1,5.125,5,5.5,3.75,4.75,5,5.25,64,0,1
"9270",5,5,4.375,4,4.75,4.5,4.41666666666667,5,3.75,81,0,5
"9273",NA,5,5.25,4,3.5,5.75,4.41666666666667,4.75,5.75,30,NA,3
"9291",6,6,4.875,4.25,5.25,5.25,4.91666666666667,4.5,5.25,57,1,3
"9293",6,5,5,5.25,3,5.5,4.58333333333333,5,5,53,0,5
"9295",6,7,4,4.75,5,5.75,5.16666666666667,4,4,70,0,4
"9311",6,6,4,4.25,4.5,5,4.58333333333333,4.5,3.5,51,1,5
"9314",6,6,3.75,3.75,4.25,3,3.66666666666667,4.25,3.25,77,0,5
"9320",4,3,4.375,3.75,3.75,2.5,3.33333333333333,4.75,4,50,0,3
"9329",6,3,4,3,3.5,3.5,3.33333333333333,3,5,28,0,3
"9345",4,4,4.25,3.5,4,3.5,3.66666666666667,4,4.5,52,1,3
"9348",4,4,3.75,4,3.75,4.25,4,3.5,4,42,0,2
"9381",3,3,3.625,2.25,1.75,1.75,1.91666666666667,5,2.25,54,0,4
"9417",3,3,5.25,4.75,3.75,4.5,4.33333333333333,5.25,5.25,50,1,3
"9423",5,5,5,5,4.5,4.75,4.75,5,5,60,1,5
"9429",7,7,2.875,4.25,4,5.25,4.5,3.5,2.25,55,0,5
"9441",3,3,4.125,3.75,3.5,2,3.08333333333333,4.25,4,36,0,4
"9460",1,4,4.875,5,4.75,4.25,4.66666666666667,5,4.75,54,0,2
"9480",4,5,3.875,3.75,3.75,4,3.83333333333333,4,3.75,54,1,1
"9488",3,4,4.125,4,4.5,2,3.5,4.5,3.75,37,1,3
"9489",5,3,5.25,4.75,5.25,4.75,4.91666666666667,4.75,5.75,69,1,4
"9494",5,6,4.375,5.75,5.75,4.25,5.25,5.25,3.5,78,0,4
"9503",4,3,5.375,5.25,3.75,4.5,4.5,5.5,5.25,70,0,4
"9514",2,2,4.25,4.75,4.75,3.5,4.33333333333333,4.25,4.25,32,0,3
"9524",1,1,5.25,2.5,3,4.25,3.25,5.75,4.75,50,0,3
"9529",2,2,4.75,2.75,4.25,2.25,3.08333333333333,4.75,4.75,63,0,5
"9550",4,4,5,4,5,4,4.33333333333333,4.5,5.5,45,1,4
"9555",4,4,5.125,5,5,4.5,4.83333333333333,5,5.25,55,0,4
"9600",2,2,4.125,4,3.75,3.25,3.66666666666667,4,4.25,50,1,4
"9610",3,5,5.625,4.75,5,5.5,5.08333333333333,5.75,5.5,45,0,3
"9611",6,6,5,5.75,5.5,6,5.75,5.25,4.75,38,1,2
"9616",7,7,5.125,4.75,4.5,4,4.41666666666667,5.25,5,51,1,2
"9631",7,7,4.625,5.5,3.5,5.5,4.83333333333333,4.75,4.5,44,1,3
"9637",6,5,4.5,4.5,4,3.75,4.08333333333333,5,4,58,0,2
"9640",5,6,5.25,1.75,4.25,1.75,2.58333333333333,5.25,5.25,59,1,3
"9655",1,2,4.75,3.5,4.5,3.5,3.83333333333333,5.25,4.25,57,1,4
"9672",4,2,4.375,4.5,5,4.25,4.58333333333333,4,4.75,44,1,3
"9674",6,6,5.125,5,4.75,5.5,5.08333333333333,4.75,5.5,41,1,4
"9681",7,7,4.75,5.5,5.25,5.25,5.33333333333333,5,4.5,58,1,3
"9700",7,7,2.75,3,5.25,2.25,3.5,2.5,3,52,0,2
"9777",3,5,5.5,4.75,5.75,4.75,5.08333333333333,5.5,5.5,45,1,3
"9787",1,1,4.75,3,4.75,2.75,3.5,5.25,4.25,62,0,4
"9803",6,6,5.125,3.25,5.5,4.25,4.33333333333333,5,5.25,NA,1,3
"9822",1,1,4.875,1,3,1,1.66666666666667,5,4.75,64,1,4
"9835",7,7,5.375,5.25,5.5,5.75,5.5,5.5,5.25,65,1,2
"9857",NA,1,5.125,4.75,4,5.5,4.75,6,4.25,24,1,3
"9858",2,3,4,4.75,4,4.75,4.5,4.25,3.75,32,1,4
"9865",6,6,3.875,5,4.5,3,4.16666666666667,4.5,3.25,47,0,3
"9870",1,1,4.75,3,2.75,4.25,3.33333333333333,4.5,5,38,1,5
"9897",6,7,6,5.75,4.75,5.25,5.25,6,6,74,0,5
"9901",NA,4,5.75,4.5,5,3.75,4.41666666666667,5.5,6,80,NA,5
"9909",6,NA,5.125,3.5,4.5,4.5,4.16666666666667,5.5,4.75,NA,1,4
"9919",7,7,5.875,5.5,6,6,5.83333333333333,6,5.75,63,0,3
"9937",7,7,5.875,5.75,5.75,6,5.83333333333333,5.75,6,78,1,4
"9941",4,4,3.5,3.5,3,2.25,2.91666666666667,3,4,45,1,1
"9965",3,3,4.375,4,4.5,2,3.5,4.5,4.25,44,0,4
"9984",1,2,4.75,4.75,3.75,4,4.16666666666667,4.25,5.25,44,1,4
"9986",6,6,6,5,4.25,4,4.41666666666667,6,6,34,1,2
"9987",NA,5,5.375,3.75,5.75,5.25,4.91666666666667,5,5.75,71,NA,3
"10001",2,2,5.875,3.75,4,4,3.91666666666667,6,5.75,27,1,4
"10012",1,1,4.625,2.75,3.5,2.75,3,4.75,4.5,57,1,5
"10013",6,5,5.75,4.75,3.5,4.25,4.16666666666667,6,5.5,42,1,4
"10021",2,2,5,4.25,4.25,4.25,4.25,5.5,4.5,39,1,3
"10027",6,6,3.625,3.25,3.5,4,3.58333333333333,3.5,3.75,49,0,4
"10048",2,2,4.75,2.75,2.75,2.5,2.66666666666667,5.75,3.75,36,0,4
"10058",7,6,4.375,4.25,3.75,4.25,4.08333333333333,4.75,4,72,1,5
"10073",7,7,5.5,5.25,6,6,5.75,5.5,5.5,59,0,5
"10082",7,6,3.375,4,3.25,3.25,3.5,3,3.75,61,0,3
"10088",3,3,5.5,4,4.5,4.75,4.41666666666667,5.5,5.5,53,1,4
"10110",6,7,5.25,5,5.25,4.5,4.91666666666667,4.75,5.75,44,1,3
"10117",4,1,5.375,4.25,4.5,3.25,4,5.5,5.25,47,1,3
"10118",7,6,4.375,4.75,5,5,4.91666666666667,3.75,5,64,1,3
"10138",6,6,3.5,5.25,3.5,3.25,4,4.25,2.75,60,0,4
"10173",6,NA,3.375,2.5,2.75,1.75,2.33333333333333,3.5,3.25,NA,0,2
"10204",6,6,5.5,5,5.5,5,5.16666666666667,5.75,5.25,77,1,2
"10208",7,7,5.875,6,6,6,6,5.75,6,68,1,3
"10236",2,3,4.75,4,3.25,2.5,3.25,5,4.5,71,0,5
"10249",4,5,4.5,4,5,4.5,4.5,4,5,28,NA,4
"10263",3,4,4.875,4.75,4.25,4,4.33333333333333,4.5,5.25,34,1,3
"10303",1,1,5.875,5.75,5.75,5.5,5.66666666666667,6,5.75,47,1,3
"10304",6,6,2.75,2.25,2.75,2.5,2.5,2.5,3,52,0,5
"10324",7,4,3.625,4.25,2.25,2,2.83333333333333,3.75,3.5,46,0,5
"10336",2,NA,3.875,4.5,4.5,4,4.33333333333333,4.25,3.5,NA,0,1
"10348",2,2,5,4.5,4.75,5.25,4.83333333333333,4.5,5.5,61,0,5
"10362",2,2,4.375,5,3.5,3.75,4.08333333333333,5,3.75,80,0,4
"10363",7,7,4.5,4.75,5.25,4,4.66666666666667,4,5,64,0,4
"10366",5,4,4.75,4.5,4.5,4.25,4.41666666666667,4.75,4.75,41,1,5
"10376",6,6,4,5,4.75,4.75,4.83333333333333,3.75,4.25,80,0,4
"10378",3,5,4.625,4.25,3.75,4.25,4.08333333333333,5,4.25,61,1,3
"10382",4,4,4.375,4,3.75,4,3.91666666666667,4.5,4.25,46,1,1
"10386",NA,4,3.125,4.25,4.75,3.5,4.16666666666667,4,2.25,22,NA,3
"10413",6,6,4.375,4.75,5,4.5,4.75,4.25,4.5,39,1,5
"10438",2,1,5.125,3.75,3.75,2.5,3.33333333333333,5.5,4.75,71,1,5
"10439",1,1,3.625,3.25,3,3,3.08333333333333,3.75,3.5,46,0,3
"10441",2,2,4.875,4.75,4.75,5,4.83333333333333,4.75,5,55,1,3
"10456",5,4,5.5,5.5,5.25,5.5,5.41666666666667,5.5,5.5,NA,0,1
"10467",6,6,4.75,4.75,4.25,5.25,4.75,5,4.5,21,0,3
"10473",6,6,4.875,3.75,4,4.5,4.08333333333333,4.25,5.5,NA,1,3
"10498",2,2,4.75,3.75,3.25,1.75,2.91666666666667,4.75,4.75,59,1,3
"10516",6,6,5,4.5,4.25,5,4.58333333333333,5,5,73,0,5
"10520",6,5,5.625,5.5,5.5,5.5,5.5,5.5,5.75,50,1,3
"10525",NA,4,4.25,4,4,3.75,3.91666666666667,4.25,4.25,NA,NA,2
"10564",6,6,4.875,3.5,4,5,4.16666666666667,5,4.75,NA,0,2
"10565",6,5,5.125,3,5,4.5,4.16666666666667,5.25,5,71,1,5
"10570",6,5,4.125,3.5,4.25,4.5,4.08333333333333,4,4.25,31,1,5
"10572",5,5,5.125,4.75,4.75,5,4.83333333333333,5.25,5,68,1,2
"10585",7,6,5,4.75,5.25,4.75,4.91666666666667,5.25,4.75,51,1,2
"10605",2,2,5.125,3.75,3.5,3.5,3.58333333333333,5,5.25,46,0,3
"10612",4,4,4.75,5.25,5.75,3.75,4.91666666666667,4.25,5.25,18,1,1
"10613",3,3,4.5,4.5,3.25,3.75,3.83333333333333,4.75,4.25,56,1,3
"10629",NA,4,5.375,4.25,4.75,4.75,4.58333333333333,5,5.75,26,NA,4
"10636",NA,NA,5,3,3.75,2.25,3,5.25,4.75,NA,NA,NA
"10641",3,3,4,4.75,4,4,4.25,3.5,4.5,59,1,3
"10643",5,5,4.375,4.75,3,4.75,4.16666666666667,4,4.75,55,0,4
"10645",6,2,4.125,4.75,4.25,3.25,4.08333333333333,4.75,3.5,47,1,5
"10653",4,5,5.125,4.25,4.25,4.5,4.33333333333333,5.25,5,67,1,5
"10661",NA,6,5.75,5,5,5.5,5.16666666666667,5.75,5.75,66,NA,3
"10678",7,6,3.625,4.5,3.75,4,4.08333333333333,4,3.25,64,0,3
"10680",6,5,3.875,5,5.25,5.5,5.25,3.75,4,46,0,3
"10686",4,6,5.125,3,4.25,4.75,4,5.25,5,61,1,2
"10697",5,5,5.625,6,5.5,4.5,5.33333333333333,5.75,5.5,58,1,3
"10702",2,3,3.375,2.5,2.5,1.75,2.25,3.5,3.25,22,1,3
"10717",2,4,6,5.75,5.25,6,5.66666666666667,6,6,43,1,2
"10741",5,5,5.375,4.5,4.5,5.5,4.83333333333333,5.75,5,71,0,4
"10758",4,4,5.375,5.5,5.5,5.25,5.41666666666667,5.25,5.5,63,1,2
"10775",4,4,5.5,4.75,3.75,5,4.5,5.75,5.25,66,0,1
"10788",1,1,5.125,3,2.25,3.25,2.83333333333333,5.25,5,60,1,5
"10795",1,2,5.5,3,5,4,4,5.25,5.75,38,1,3
"10835",NA,2,5.125,4,4,4.5,4.16666666666667,5.5,4.75,31,1,4
"10844",2,2,5,4.75,4.75,3.25,4.25,5.25,4.75,81,1,4
"10857",4,4,5,5.5,4.75,5.5,5.25,5.5,4.5,51,1,3
"10863",4,4,3.75,3.5,2.75,3.5,3.25,4,3.5,31,0,3
"10882",2,3,4,3.75,3.25,3,3.33333333333333,4.25,3.75,26,1,2
"10884",4,4,4.375,4.25,4,4.25,4.16666666666667,4.75,4,53,0,3
"10915",2,1,5.125,4,3.5,4.25,3.91666666666667,5.25,5,48,1,2
"10918",2,2,5,4.25,5.25,4.5,4.66666666666667,4.75,5.25,63,1,4
"10919",2,1,5.25,4.25,4.25,2.75,3.75,5,5.5,66,1,3
"10932",5,4,5.375,5,5,4.25,4.75,5.25,5.5,34,1,3
"10934",7,7,5.125,5.25,5.75,5.75,5.58333333333333,5.25,5,75,1,3
"10969",6,7,4,4.75,4.5,4.25,4.5,4,4,58,1,3
"10971",6,7,3.625,6,4.25,5.5,5.25,3.75,3.5,42,0,2
"10981",5,6,4.5,4.5,3.75,3.25,3.83333333333333,4.5,4.5,47,0,5
"10987",6,6,3.75,3.25,2.5,3.5,3.08333333333333,4.25,3.25,50,1,3
"10994",4,4,4.625,4,4,4,4,4.25,5,68,1,2
"10997",4,4,5.5,4.5,3.25,5.5,4.41666666666667,5.5,5.5,23,1,4
"10998",6,6,5.875,5.75,5.75,5.25,5.58333333333333,5.75,6,36,0,3
"11012",7,6,4.875,4.5,4.5,5.25,4.75,4.75,5,32,1,3
"11020",4,4,3.875,3.75,2,4.25,3.33333333333333,3.5,4.25,59,0,3
"11024",4,6,5.625,5,5.75,4.5,5.08333333333333,5.75,5.5,68,1,2
"11047",6,4,4.625,4,5.5,4.5,4.66666666666667,4.5,4.75,45,0,3
"11048",5,4,4.875,4.5,3.75,4.25,4.16666666666667,4.25,5.5,53,1,4
"11055",2,2,3.875,3.25,3.5,3.25,3.33333333333333,4,3.75,43,1,4
"11070",7,7,2.75,5,3.25,4,4.08333333333333,3.25,2.25,39,0,3
"11089",4,4,5.625,5.25,5.5,5.5,5.41666666666667,5.5,5.75,48,1,3
"11104",2,3,5.75,4.75,5.25,4.5,4.83333333333333,5.75,5.75,52,1,3
"11108",6,NA,5.375,5.75,5.75,5,5.5,5.25,5.5,67,0,2
"11114",7,NA,5,5,4.75,5,4.91666666666667,5.25,4.75,NA,NA,5
"11140",6,6,4,4.25,4,3,3.75,4.25,3.75,69,0,3
"11171",1,1,4.25,2.5,3,1.75,2.41666666666667,5,3.5,45,1,5
"11206",2,2,4,2.75,3.5,3,3.08333333333333,4.25,3.75,35,1,4
"11228",5,5,4.125,5,4.25,4,4.41666666666667,3.75,4.5,56,1,3
"11237",1,1,5.5,4.75,5.5,4.75,5,5.25,5.75,70,1,3
"11245",1,1,5.375,3,3.5,2,2.83333333333333,5.25,5.5,44,1,5
"11269",6,6,3.5,4.25,5.25,4.25,4.58333333333333,3.5,3.5,24,0,3
"11315",5,5,5.25,4.75,4.75,5.75,5.08333333333333,4.75,5.75,46,1,3
"11324",3,2,5.5,4.75,5,3.75,4.5,5.5,5.5,46,1,2
"11327",4,4,3,3.5,3,2.75,3.08333333333333,3.25,2.75,66,1,5
"11336",7,6,4.875,5,4.75,4.75,4.83333333333333,5,4.75,44,0,2
"11339",NA,4,4.75,4.75,4.5,4.5,4.58333333333333,4.75,4.75,47,0,2
"11357",7,6,4.875,5,4,5,4.66666666666667,5,4.75,53,1,4
"11359",7,7,4.625,4.5,4.5,4.75,4.58333333333333,4.5,4.75,69,0,4
"11360",6,6,4.125,3.75,5,4.5,4.41666666666667,3.75,4.5,83,0,4
"11369",4,4,3.625,2,1.5,3.25,2.25,2.75,4.5,39,0,3
"11382",1,1,5.625,5.5,5.5,4.75,5.25,5.5,5.75,56,1,4
"11390",6,6,4,5.25,5.25,4.5,5,3.5,4.5,42,1,3
"11397",3,6,5.125,4.5,3.75,4.5,4.25,5,5.25,56,0,5
"11413",1,1,5,3.25,1.75,4.75,3.25,5,5,43,1,5
"11419",4,3,3.25,4,4.25,2.75,3.66666666666667,3.75,2.75,50,0,3
"11430",5,5,4.375,3.75,4.25,3,3.66666666666667,4.5,4.25,35,1,3
"11447",7,4,5.5,5.25,5.25,5,5.16666666666667,5.5,5.5,32,1,1
"11461",4,4,5.375,5.25,4.5,4.75,4.83333333333333,6,4.75,60,0,2
"11481",2,1,5,4,4.75,4.5,4.41666666666667,5.25,4.75,83,0,5
"11483",6,6,5,4.75,4.75,3.25,4.25,5,5,51,0,3
"11504",3,4,5.5,3.75,5,4.75,4.5,5.75,5.25,56,1,3
"11507",5,6,5.375,5.5,5.25,4,4.91666666666667,5.25,5.5,52,1,2
"11508",6,4,4.875,3.25,4,4,3.75,5.25,4.5,48,1,4
"11514",7,7,4.375,5.75,4.5,5.5,5.25,5.25,3.5,59,0,5
"11596",5,6,5,4.75,5,4.5,4.75,4.75,5.25,34,1,4
"11609",3,2,5,3,4,4.75,3.91666666666667,5.25,4.75,53,0,5
"11624",2,5,5,4.25,3,3,3.41666666666667,5.75,4.25,19,0,2
"11629",4,4,5,4.25,4.5,4.75,4.5,5,5,54,0,3
"11631",1,1,5.25,3.5,3,4,3.5,5.25,5.25,46,1,5
"11633",6,6,4.75,4.25,5,4.5,4.58333333333333,4.5,5,52,1,3
"11651",6,6,4.5,4.75,4.75,4.5,4.66666666666667,4.5,4.5,32,1,4
"11656",7,7,4.75,5.25,4,5.75,5,4.5,5,61,1,5
"11671",6,6,4.25,4,4.5,4.25,4.25,4.25,4.25,46,0,3
"11682",7,7,3.125,3.75,2.25,3.5,3.16666666666667,2.75,3.5,69,0,4
"11737",4,6,4.625,5.25,5.25,4.25,4.91666666666667,4.75,4.5,59,0,3
"11745",7,7,4.75,5.5,4.5,5,5,4.5,5,57,0,3
"11754",4,4,5.5,4.5,5,3.75,4.41666666666667,5.25,5.75,50,1,3
"11763",5,5,5.125,5.25,4,4.5,4.58333333333333,5,5.25,59,1,4
"11799",6,6,3.875,3.5,4,3.75,3.75,4,3.75,64,1,2
"11807",NA,6,4.5,4.25,5,3.75,4.33333333333333,4.5,4.5,70,1,3
"11864",6,6,5,4.5,5.25,4.75,4.83333333333333,5.25,4.75,55,1,5
"11874",2,2,5,4.5,4.75,4.5,4.58333333333333,5,5,55,0,2
"11896",2,6,5.5,4.75,4.5,5.5,4.91666666666667,5.5,5.5,49,1,3
"11922",4,4,4.25,3.75,4,3.25,3.66666666666667,3.75,4.75,44,1,5
"11943",2,2,5.375,4.25,4,4.25,4.16666666666667,4.75,6,64,0,5
"11949",5,NA,4.375,4.75,4,4.75,4.5,4.25,4.5,NA,1,4
"11950",5,4,3.5,3.5,4.5,4,4,4,3,68,1,3
"11971",6,6,4.875,5,5.25,4.25,4.83333333333333,5,4.75,59,1,2
"11990",6,4,5.375,4.75,5,4.5,4.75,5.5,5.25,59,1,3
"11999",5,5,5.375,4.25,4.25,5.25,4.58333333333333,5.75,5,49,1,2
"12009",2,2,3.375,3.75,3.5,3.25,3.5,3.5,3.25,59,1,3
"12018",NA,4,5.375,4.75,4.5,5.25,4.83333333333333,5.5,5.25,28,1,3
"12024",6,6,4.375,4.5,4.25,3.5,4.08333333333333,4.5,4.25,44,0,2
"12035",1,1,3.5,3.75,4.25,2.25,3.41666666666667,3.75,3.25,17,0,1
"12037",NA,7,4.75,5.25,5.25,5.75,5.41666666666667,4.25,5.25,47,NA,3
"12076",7,7,3.625,4.5,4.75,3.75,4.33333333333333,4,3.25,65,0,5
"12091",7,6,4.875,5.5,4.25,5,4.91666666666667,5.25,4.5,36,1,3
"12094",6,6,4.625,3.75,4.25,4.25,4.08333333333333,4.5,4.75,63,0,5
"12109",4,4,5.125,4.75,5.5,4.5,4.91666666666667,5.25,5,78,0,3
"12110",NA,NA,6,6,6,6,6,6,6,NA,NA,3
"12118",3,3,4.625,4.75,4.5,4.75,4.66666666666667,4.75,4.5,NA,1,5
"12121",3,4,4.75,4,4.5,4.25,4.25,4.5,5,38,1,3
"12124",7,6,5.125,5.5,6,3.75,5.08333333333333,5.75,4.5,67,0,4
"12127",3,4,2.125,2.25,2.75,1.75,2.25,1.5,2.75,44,1,3
"12139",5,5,4,4,4.25,4.25,4.16666666666667,4,4,52,1,3
"12143",1,2,5,3.5,4.5,2,3.33333333333333,5,5,NA,0,4
"12153",1,1,6,3.5,5.25,4.75,4.5,6,6,72,1,5
"12159",4,4,4.375,3.25,4.75,4,4,5,3.75,56,1,5
"12171",3,2,6,5.5,5,6,5.5,6,6,71,1,4
"12175",6,6,4.75,4,4,5.25,4.41666666666667,5.5,4,67,1,2
"12178",6,6,5.25,4,4.5,4,4.16666666666667,5,5.5,18,0,3
"12180",4,4,4.25,2.75,2.75,2,2.5,5.25,3.25,57,0,3
"12195",5,6,4.125,3.75,3.75,3.25,3.58333333333333,4.75,3.5,58,1,5
"12208",6,6,4.625,4.5,3.5,3.25,3.75,4.25,5,34,1,5
"12216",7,6,4.625,5.25,5,4.25,4.83333333333333,5,4.25,68,0,4
"12235",4,4,4.75,3.75,5,4.75,4.5,5,4.5,71,1,2
"12239",6,6,5.5,4.25,5.75,5.25,5.08333333333333,5.25,5.75,51,0,2
"12256",5,5,5.75,5.25,5.5,5.5,5.41666666666667,6,5.5,NA,0,3
"12266",2,1,4.25,3.25,3.5,4,3.58333333333333,4.75,3.75,NA,0,4
"12271",4,4,4.75,4.75,5.25,5,5,5,4.5,37,0,3
"12287",1,1,5.375,2.25,2.75,1.5,2.16666666666667,5.5,5.25,60,0,4
"12294",6,6,4.125,4.25,4.75,4.5,4.5,4.25,4,52,0,4
"12299",1,1,5.75,3.75,5.5,3,4.08333333333333,5.5,6,55,1,3
"12321",4,4,4.125,4,4.25,4,4.08333333333333,4,4.25,24,1,3
"12352",5,4,5.375,5.5,5.25,5.5,5.41666666666667,5.5,5.25,69,1,3
"12371",3,3,4.25,3.5,2.75,2.75,3,4.5,4,40,0,4
"12374",1,1,3.5,2,3.25,2.5,2.58333333333333,4.5,2.5,26,0,4
"12378",7,4,4.875,5,4.75,5.25,5,5,4.75,53,1,3
"12387",3,3,4.625,4.75,4.25,3.75,4.25,4.75,4.5,26,NA,5
"12390",1,1,5.625,5.25,5.5,5.5,5.41666666666667,6,5.25,NA,1,3
"12393",4,3,4.75,4.75,3.5,4,4.08333333333333,4,5.5,43,1,5
"12398",7,4,5.5,5.25,4.75,5.25,5.08333333333333,5.25,5.75,60,1,1
"12420",2,2,3.5,3,3.75,3.75,3.5,4.25,2.75,52,0,5
"12442",NA,6,4.875,4.75,4.5,3.75,4.33333333333333,5,4.75,51,1,4
"12445",7,6,4.125,4.75,5.25,5,5,4.25,4,50,0,5
"12460",5,4,5.625,4,4.75,3.5,4.08333333333333,5.75,5.5,43,1,3
"12485",4,4,4.625,4.5,4.5,3.5,4.16666666666667,4.75,4.5,44,1,3
"12487",6,4,4.25,3.25,4.75,3,3.66666666666667,4,4.5,24,0,3
"12492",6,6,5.25,3.75,4.75,4.5,4.33333333333333,5.25,5.25,28,1,2
"12525",6,7,3,3.5,2.25,4.5,3.41666666666667,2.75,3.25,50,1,3
"12534",4,4,4.375,3.5,4,4.25,3.91666666666667,4.25,4.5,55,1,5
"12543",2,5,3,2.25,3.5,2.25,2.66666666666667,3,3,65,1,2
"12553",7,7,5.5,5.5,5.25,5.5,5.41666666666667,5.5,5.5,55,0,4
"12556",7,7,4.625,5.25,5.25,5.25,5.25,4.5,4.75,41,1,3
"12561",NA,6,4.625,4.5,4.5,4.5,4.5,4.75,4.5,37,NA,3
"12564",6,6,5,5,5.5,4.25,4.91666666666667,5.5,4.5,40,1,3
"12567",3,2,3.75,3.5,5.25,4.25,4.33333333333333,3.5,4,70,0,5
"12568",6,6,5.125,4.75,4,4.25,4.33333333333333,4.75,5.5,56,1,3
"12600",6,6,4.25,3,4.25,4.5,3.91666666666667,4.5,4,61,0,5
"12609",1,1,5.375,4,3.75,4.25,4,5.75,5,69,1,5
"12618",5,5,4.375,5.5,5.25,5.5,5.41666666666667,3.5,5.25,72,0,4
"12650",3,3,4.375,2.75,3.75,2.75,3.08333333333333,4.25,4.5,60,0,5
"12663",7,6,5.125,5,4.5,5.25,4.91666666666667,5,5.25,42,1,2
"12664",5,4,4.75,4.5,4.75,4,4.41666666666667,5,4.5,45,0,3
"12684",3,2,4.875,4.75,5.25,4.5,4.83333333333333,4.75,5,40,0,5
"12694",4,1,5.625,3.25,2.5,2,2.58333333333333,6,5.25,51,0,3
"12749",6,7,5.375,4.75,3.5,5.5,4.58333333333333,5,5.75,59,0,3
"12752",7,5,5.75,4.75,5.75,5.5,5.33333333333333,6,5.5,66,0,5
"12759",3,2,5.375,3.75,5,4.75,4.5,5.75,5,49,0,3
"12777",4,4,4.375,4.25,3,4,3.75,4.75,4,23,1,3
"12789",6,5,4.75,4.25,4,3.75,4,4.75,4.75,68,0,3
"12799",2,2,5,3.75,3,4.75,3.83333333333333,4.75,5.25,50,1,4
"12801",NA,4,5.125,4,3.75,4,3.91666666666667,5,5.25,46,NA,3
"12809",1,1,5.375,4.75,4.75,5.75,5.08333333333333,6,4.75,25,1,3
